fdc_id,description,food_category_id,nutrient_id,name,amount,unit_name
168394,"Balsam-pear (bitter gourd), pods, cooked, boiled, drained, without salt",11,1003,Protein,0.84,G
168394,"Balsam-pear (bitter gourd), pods, cooked, boiled, drained, without salt",11,1004,Total lipid (fat),0.18,G
168394,"Balsam-pear (bitter gourd), pods, cooked, boiled, drained, without salt",11,1005,"Carbohydrate, by difference",4.32,G
168394,"Balsam-pear (bitter gourd), pods, cooked, boiled, drained, without salt",11,1008,Energy,19.0,KCAL
168394,"Balsam-pear (bitter gourd), pods, cooked, boiled, drained, without salt",11,1087,"Calcium, Ca",9.0,MG
168394,"Balsam-pear (bitter gourd), pods, cooked, boiled, drained, without salt",11,1088,"Chlorine, Cl",0.0,MG
168394,"Balsam-pear (bitter gourd), pods, cooked, boiled, drained, without salt",11,1089,"Iron, Fe",0.38,MG
168394,"Balsam-pear (bitter gourd), pods, cooked, boiled, drained, without salt",11,1090,"Magnesium, Mg",16.0,MG
168394,"Balsam-pear (bitter gourd), pods, cooked, boiled, drained, without salt",11,1091,"Phosphorus, P",36.0,MG
168394,"Balsam-pear (bitter gourd), pods, cooked, boiled, drained, without salt",11,1092,"Potassium, K",319.0,MG
168394,"Balsam-pear (bitter gourd), pods, cooked, boiled, drained, without salt",11,1093,"Sodium, Na",6.0,MG
168394,"Balsam-pear (bitter gourd), pods, cooked, boiled, drained, without salt",11,1095,"Zinc, Zn",0.77,MG
168394,"Balsam-pear (bitter gourd), pods, cooked, boiled, drained, without salt",11,1098,"Copper, Cu",0.033,MG
168394,"Balsam-pear (bitter gourd), pods, cooked, boiled, drained, without salt",11,1100,"Iodine, I",0.0,UG
168394,"Balsam-pear (bitter gourd), pods, cooked, boiled, drained, without salt",11,1101,"Manganese, Mn",0.086,MG
168394,"Balsam-pear (bitter gourd), pods, cooked, boiled, drained, without salt",11,1103,"Selenium, Se",0.2,UG
168394,"Balsam-pear (bitter gourd), pods, cooked, boiled, drained, without salt",11,1104,"Vitamin A, IU",113.0,IU
168394,"Balsam-pear (bitter gourd), pods, cooked, boiled, drained, without salt",11,1110,"Vitamin D (D2 + D3), International Units",0.0,IU
168394,"Balsam-pear (bitter gourd), pods, cooked, boiled, drained, without salt",11,1109,Vitamin E (alpha-tocopherol),0.14,MG
168394,"Balsam-pear (bitter gourd), pods, cooked, boiled, drained, without salt",11,1165,Thiamin,0.051,MG
168394,"Balsam-pear (bitter gourd), pods, cooked, boiled, drained, without salt",11,1166,Riboflavin,0.053,MG
168394,"Balsam-pear (bitter gourd), pods, cooked, boiled, drained, without salt",11,1167,Niacin,0.28,MG
168394,"Balsam-pear (bitter gourd), pods, cooked, boiled, drained, without salt",11,1170,Pantothenic acid,0.193,MG
168394,"Balsam-pear (bitter gourd), pods, cooked, boiled, drained, without salt",11,1171,"Vitamin B-6, pyridoxine, alcohol form",0.0,MG
168394,"Balsam-pear (bitter gourd), pods, cooked, boiled, drained, without salt",11,1178,Vitamin B-12,0.0,UG
168394,"Balsam-pear (bitter gourd), pods, cooked, boiled, drained, without salt",11,1180,"Choline, total",10.8,MG
168394,"Balsam-pear (bitter gourd), pods, cooked, boiled, drained, without salt",11,1186,Folic acid,0.0,UG
168394,"Balsam-pear (bitter gourd), pods, cooked, boiled, drained, without salt",11,1210,Tryptophan,0.0,G
168394,"Balsam-pear (bitter gourd), pods, cooked, boiled, drained, without salt",11,1211,Threonine,0.0,G
168394,"Balsam-pear (bitter gourd), pods, cooked, boiled, drained, without salt",11,1212,Isoleucine,0.0,G
168394,"Balsam-pear (bitter gourd), pods, cooked, boiled, drained, without salt",11,1213,Leucine,0.0,G
168394,"Balsam-pear (bitter gourd), pods, cooked, boiled, drained, without salt",11,1214,Lysine,0.0,G
168394,"Balsam-pear (bitter gourd), pods, cooked, boiled, drained, without salt",11,1215,Methionine,0.0,G
168394,"Balsam-pear (bitter gourd), pods, cooked, boiled, drained, without salt",11,1217,Phenylalanine,0.0,G
168394,"Balsam-pear (bitter gourd), pods, cooked, boiled, drained, without salt",11,1219,Valine,0.0,G
168394,"Balsam-pear (bitter gourd), pods, cooked, boiled, drained, without salt",11,1220,Arginine,0.0,G
168394,"Balsam-pear (bitter gourd), pods, cooked, boiled, drained, without salt",11,1221,Histidine,0.0,G
168394,"Balsam-pear (bitter gourd), pods, cooked, boiled, drained, without salt",11,1229,Cysteine and methionine(sulfer containig AA),0.0,G
168394,"Balsam-pear (bitter gourd), pods, cooked, boiled, drained, without salt",11,1230,Phenylalanine and tyrosine (aromatic  AA),0.0,G
168394,"Balsam-pear (bitter gourd), pods, cooked, boiled, drained, without salt",11,1272,PUFA 22:6 n-3 (DHA),0.0,G
168394,"Balsam-pear (bitter gourd), pods, cooked, boiled, drained, without salt",11,1278,PUFA 20:5 n-3 (EPA),0.0,G
168394,"Balsam-pear (bitter gourd), pods, cooked, boiled, drained, without salt",11,1316,"PUFA 18:2 n-6 c,c",0.0,G
168394,"Balsam-pear (bitter gourd), pods, cooked, boiled, drained, without salt",11,1404,"PUFA 18:3 n-3 c,c,c (ALA)",0.0,G
168413,"Escarole, cooked, boiled, drained, no salt added",11,1003,Protein,1.15,G
168413,"Escarole, cooked, boiled, drained, no salt added",11,1004,Total lipid (fat),0.18,G
168413,"Escarole, cooked, boiled, drained, no salt added",11,1005,"Carbohydrate, by difference",3.07,G
168413,"Escarole, cooked, boiled, drained, no salt added",11,1008,Energy,15.0,KCAL
168413,"Escarole, cooked, boiled, drained, no salt added",11,1087,"Calcium, Ca",46.0,MG
168413,"Escarole, cooked, boiled, drained, no salt added",11,1088,"Chlorine, Cl",0.0,MG
168413,"Escarole, cooked, boiled, drained, no salt added",11,1089,"Iron, Fe",0.72,MG
168413,"Escarole, cooked, boiled, drained, no salt added",11,1090,"Magnesium, Mg",13.0,MG
168413,"Escarole, cooked, boiled, drained, no salt added",11,1091,"Phosphorus, P",22.0,MG
168413,"Escarole, cooked, boiled, drained, no salt added",11,1092,"Potassium, K",245.0,MG
168413,"Escarole, cooked, boiled, drained, no salt added",11,1093,"Sodium, Na",19.0,MG
168413,"Escarole, cooked, boiled, drained, no salt added",11,1095,"Zinc, Zn",0.69,MG
168413,"Escarole, cooked, boiled, drained, no salt added",11,1098,"Copper, Cu",0.087,MG
168413,"Escarole, cooked, boiled, drained, no salt added",11,1100,"Iodine, I",0.0,UG
168413,"Escarole, cooked, boiled, drained, no salt added",11,1101,"Manganese, Mn",0.385,MG
168413,"Escarole, cooked, boiled, drained, no salt added",11,1103,"Selenium, Se",0.2,UG
168413,"Escarole, cooked, boiled, drained, no salt added",11,1104,"Vitamin A, IU",1888.0,IU
168413,"Escarole, cooked, boiled, drained, no salt added",11,1110,"Vitamin D (D2 + D3), International Units",0.0,IU
168413,"Escarole, cooked, boiled, drained, no salt added",11,1109,Vitamin E (alpha-tocopherol),0.4,MG
168413,"Escarole, cooked, boiled, drained, no salt added",11,1165,Thiamin,0.059,MG
168413,"Escarole, cooked, boiled, drained, no salt added",11,1166,Riboflavin,0.062,MG
168413,"Escarole, cooked, boiled, drained, no salt added",11,1167,Niacin,0.312,MG
168413,"Escarole, cooked, boiled, drained, no salt added",11,1170,Pantothenic acid,0.826,MG
168413,"Escarole, cooked, boiled, drained, no salt added",11,1171,"Vitamin B-6, pyridoxine, alcohol form",0.0,MG
168413,"Escarole, cooked, boiled, drained, no salt added",11,1178,Vitamin B-12,0.0,UG
168413,"Escarole, cooked, boiled, drained, no salt added",11,1180,"Choline, total",15.4,MG
168413,"Escarole, cooked, boiled, drained, no salt added",11,1186,Folic acid,0.0,UG
168413,"Escarole, cooked, boiled, drained, no salt added",11,1210,Tryptophan,0.005,G
168413,"Escarole, cooked, boiled, drained, no salt added",11,1211,Threonine,0.046,G
168413,"Escarole, cooked, boiled, drained, no salt added",11,1212,Isoleucine,0.066,G
168413,"Escarole, cooked, boiled, drained, no salt added",11,1213,Leucine,0.09,G
168413,"Escarole, cooked, boiled, drained, no salt added",11,1214,Lysine,0.058,G
168413,"Escarole, cooked, boiled, drained, no salt added",11,1215,Methionine,0.013,G
168413,"Escarole, cooked, boiled, drained, no salt added",11,1217,Phenylalanine,0.049,G
168413,"Escarole, cooked, boiled, drained, no salt added",11,1219,Valine,0.058,G
168413,"Escarole, cooked, boiled, drained, no salt added",11,1220,Arginine,0.057,G
168413,"Escarole, cooked, boiled, drained, no salt added",11,1221,Histidine,0.021,G
168413,"Escarole, cooked, boiled, drained, no salt added",11,1229,Cysteine and methionine(sulfer containig AA),0.0,G
168413,"Escarole, cooked, boiled, drained, no salt added",11,1230,Phenylalanine and tyrosine (aromatic  AA),0.0,G
168413,"Escarole, cooked, boiled, drained, no salt added",11,1272,PUFA 22:6 n-3 (DHA),0.0,G
168413,"Escarole, cooked, boiled, drained, no salt added",11,1278,PUFA 20:5 n-3 (EPA),0.0,G
168413,"Escarole, cooked, boiled, drained, no salt added",11,1316,"PUFA 18:2 n-6 c,c",0.0,G
168413,"Escarole, cooked, boiled, drained, no salt added",11,1404,"PUFA 18:3 n-3 c,c,c (ALA)",0.0,G
168430,"Lotus root, cooked, boiled, drained, without salt",11,1003,Protein,1.58,G
168430,"Lotus root, cooked, boiled, drained, without salt",11,1004,Total lipid (fat),0.07,G
168430,"Lotus root, cooked, boiled, drained, without salt",11,1005,"Carbohydrate, by difference",16.02,G
168430,"Lotus root, cooked, boiled, drained, without salt",11,1008,Energy,66.0,KCAL
168430,"Lotus root, cooked, boiled, drained, without salt",11,1087,"Calcium, Ca",26.0,MG
168430,"Lotus root, cooked, boiled, drained, without salt",11,1088,"Chlorine, Cl",0.0,MG
168430,"Lotus root, cooked, boiled, drained, without salt",11,1089,"Iron, Fe",0.9,MG
168430,"Lotus root, cooked, boiled, drained, without salt",11,1090,"Magnesium, Mg",22.0,MG
168430,"Lotus root, cooked, boiled, drained, without salt",11,1091,"Phosphorus, P",78.0,MG
168430,"Lotus root, cooked, boiled, drained, without salt",11,1092,"Potassium, K",363.0,MG
168430,"Lotus root, cooked, boiled, drained, without salt",11,1093,"Sodium, Na",45.0,MG
168430,"Lotus root, cooked, boiled, drained, without salt",11,1095,"Zinc, Zn",0.33,MG
168430,"Lotus root, cooked, boiled, drained, without salt",11,1098,"Copper, Cu",0.217,MG
168430,"Lotus root, cooked, boiled, drained, without salt",11,1100,"Iodine, I",0.0,UG
168430,"Lotus root, cooked, boiled, drained, without salt",11,1101,"Manganese, Mn",0.22,MG
168430,"Lotus root, cooked, boiled, drained, without salt",11,1103,"Selenium, Se",0.6,UG
168430,"Lotus root, cooked, boiled, drained, without salt",11,1104,"Vitamin A, IU",0.0,IU
168430,"Lotus root, cooked, boiled, drained, without salt",11,1110,"Vitamin D (D2 + D3), International Units",0.0,IU
168430,"Lotus root, cooked, boiled, drained, without salt",11,1109,Vitamin E (alpha-tocopherol),0.01,MG
168430,"Lotus root, cooked, boiled, drained, without salt",11,1165,Thiamin,0.127,MG
168430,"Lotus root, cooked, boiled, drained, without salt",11,1166,Riboflavin,0.01,MG
168430,"Lotus root, cooked, boiled, drained, without salt",11,1167,Niacin,0.3,MG
168430,"Lotus root, cooked, boiled, drained, without salt",11,1170,Pantothenic acid,0.302,MG
168430,"Lotus root, cooked, boiled, drained, without salt",11,1171,"Vitamin B-6, pyridoxine, alcohol form",0.0,MG
168430,"Lotus root, cooked, boiled, drained, without salt",11,1178,Vitamin B-12,0.0,UG
168430,"Lotus root, cooked, boiled, drained, without salt",11,1180,"Choline, total",25.4,MG
168430,"Lotus root, cooked, boiled, drained, without salt",11,1186,Folic acid,0.0,UG
168430,"Lotus root, cooked, boiled, drained, without salt",11,1210,Tryptophan,0.012,G
168430,"Lotus root, cooked, boiled, drained, without salt",11,1211,Threonine,0.031,G
168430,"Lotus root, cooked, boiled, drained, without salt",11,1212,Isoleucine,0.033,G
168430,"Lotus root, cooked, boiled, drained, without salt",11,1213,Leucine,0.042,G
168430,"Lotus root, cooked, boiled, drained, without salt",11,1214,Lysine,0.057,G
168430,"Lotus root, cooked, boiled, drained, without salt",11,1215,Methionine,0.014,G
168430,"Lotus root, cooked, boiled, drained, without salt",11,1217,Phenylalanine,0.028,G
168430,"Lotus root, cooked, boiled, drained, without salt",11,1219,Valine,0.034,G
168430,"Lotus root, cooked, boiled, drained, without salt",11,1220,Arginine,0.053,G
168430,"Lotus root, cooked, boiled, drained, without salt",11,1221,Histidine,0.023,G
168430,"Lotus root, cooked, boiled, drained, without salt",11,1229,Cysteine and methionine(sulfer containig AA),0.0,G
168430,"Lotus root, cooked, boiled, drained, without salt",11,1230,Phenylalanine and tyrosine (aromatic  AA),0.0,G
168430,"Lotus root, cooked, boiled, drained, without salt",11,1272,PUFA 22:6 n-3 (DHA),0.0,G
168430,"Lotus root, cooked, boiled, drained, without salt",11,1278,PUFA 20:5 n-3 (EPA),0.0,G
168430,"Lotus root, cooked, boiled, drained, without salt",11,1316,"PUFA 18:2 n-6 c,c",0.0,G
168430,"Lotus root, cooked, boiled, drained, without salt",11,1404,"PUFA 18:3 n-3 c,c,c (ALA)",0.0,G
168433,"Mountain yam, hawaii, cooked, steamed, without salt",11,1003,Protein,1.73,G
168433,"Mountain yam, hawaii, cooked, steamed, without salt",11,1004,Total lipid (fat),0.08,G
168433,"Mountain yam, hawaii, cooked, steamed, without salt",11,1005,"Carbohydrate, by difference",20.0,G
168433,"Mountain yam, hawaii, cooked, steamed, without salt",11,1008,Energy,82.0,KCAL
168433,"Mountain yam, hawaii, cooked, steamed, without salt",11,1087,"Calcium, Ca",8.0,MG
168433,"Mountain yam, hawaii, cooked, steamed, without salt",11,1088,"Chlorine, Cl",0.0,MG
168433,"Mountain yam, hawaii, cooked, steamed, without salt",11,1089,"Iron, Fe",0.43,MG
168433,"Mountain yam, hawaii, cooked, steamed, without salt",11,1090,"Magnesium, Mg",10.0,MG
168433,"Mountain yam, hawaii, cooked, steamed, without salt",11,1091,"Phosphorus, P",40.0,MG
168433,"Mountain yam, hawaii, cooked, steamed, without salt",11,1092,"Potassium, K",495.0,MG
168433,"Mountain yam, hawaii, cooked, steamed, without salt",11,1093,"Sodium, Na",12.0,MG
168433,"Mountain yam, hawaii, cooked, steamed, without salt",11,1095,"Zinc, Zn",0.32,MG
168433,"Mountain yam, hawaii, cooked, steamed, without salt",11,1098,"Copper, Cu",0.129,MG
168433,"Mountain yam, hawaii, cooked, steamed, without salt",11,1100,"Iodine, I",0.0,UG
168433,"Mountain yam, hawaii, cooked, steamed, without salt",11,1101,"Manganese, Mn",0.283,MG
168433,"Mountain yam, hawaii, cooked, steamed, without salt",11,1103,"Selenium, Se",0.9,UG
168433,"Mountain yam, hawaii, cooked, steamed, without salt",11,1104,"Vitamin A, IU",0.0,IU
168433,"Mountain yam, hawaii, cooked, steamed, without salt",11,1110,"Vitamin D (D2 + D3), International Units",0.0,IU
168433,"Mountain yam, hawaii, cooked, steamed, without salt",11,1109,Vitamin E (alpha-tocopherol),0.0,MG
168433,"Mountain yam, hawaii, cooked, steamed, without salt",11,1165,Thiamin,0.086,MG
168433,"Mountain yam, hawaii, cooked, steamed, without salt",11,1166,Riboflavin,0.014,MG
168433,"Mountain yam, hawaii, cooked, steamed, without salt",11,1167,Niacin,0.13,MG
168433,"Mountain yam, hawaii, cooked, steamed, without salt",11,1170,Pantothenic acid,0.48,MG
168433,"Mountain yam, hawaii, cooked, steamed, without salt",11,1171,"Vitamin B-6, pyridoxine, alcohol form",0.0,MG
168433,"Mountain yam, hawaii, cooked, steamed, without salt",11,1178,Vitamin B-12,0.0,UG
168433,"Mountain yam, hawaii, cooked, steamed, without salt",11,1180,"Choline, total",0.0,MG
168433,"Mountain yam, hawaii, cooked, steamed, without salt",11,1186,Folic acid,0.0,UG
168433,"Mountain yam, hawaii, cooked, steamed, without salt",11,1210,Tryptophan,0.014,G
168433,"Mountain yam, hawaii, cooked, steamed, without salt",11,1211,Threonine,0.061,G
168433,"Mountain yam, hawaii, cooked, steamed, without salt",11,1212,Isoleucine,0.059,G
168433,"Mountain yam, hawaii, cooked, steamed, without salt",11,1213,Leucine,0.109,G
168433,"Mountain yam, hawaii, cooked, steamed, without salt",11,1214,Lysine,0.067,G
168433,"Mountain yam, hawaii, cooked, steamed, without salt",11,1215,Methionine,0.023,G
168433,"Mountain yam, hawaii, cooked, steamed, without salt",11,1217,Phenylalanine,0.08,G
168433,"Mountain yam, hawaii, cooked, steamed, without salt",11,1219,Valine,0.07,G
168433,"Mountain yam, hawaii, cooked, steamed, without salt",11,1220,Arginine,0.144,G
168433,"Mountain yam, hawaii, cooked, steamed, without salt",11,1221,Histidine,0.038,G
168433,"Mountain yam, hawaii, cooked, steamed, without salt",11,1229,Cysteine and methionine(sulfer containig AA),0.0,G
168433,"Mountain yam, hawaii, cooked, steamed, without salt",11,1230,Phenylalanine and tyrosine (aromatic  AA),0.0,G
168433,"Mountain yam, hawaii, cooked, steamed, without salt",11,1272,PUFA 22:6 n-3 (DHA),0.0,G
168433,"Mountain yam, hawaii, cooked, steamed, without salt",11,1278,PUFA 20:5 n-3 (EPA),0.0,G
168433,"Mountain yam, hawaii, cooked, steamed, without salt",11,1316,"PUFA 18:2 n-6 c,c",0.0,G
168433,"Mountain yam, hawaii, cooked, steamed, without salt",11,1404,"PUFA 18:3 n-3 c,c,c (ALA)",0.0,G
168463,"Spinach, cooked, boiled, drained, without salt",11,1003,Protein,2.97,G
168463,"Spinach, cooked, boiled, drained, without salt",11,1004,Total lipid (fat),0.26,G
168463,"Spinach, cooked, boiled, drained, without salt",11,1005,"Carbohydrate, by difference",3.75,G
168463,"Spinach, cooked, boiled, drained, without salt",11,1008,Energy,23.0,KCAL
168463,"Spinach, cooked, boiled, drained, without salt",11,1087,"Calcium, Ca",136.0,MG
168463,"Spinach, cooked, boiled, drained, without salt",11,1088,"Chlorine, Cl",0.0,MG
168463,"Spinach, cooked, boiled, drained, without salt",11,1089,"Iron, Fe",3.57,MG
168463,"Spinach, cooked, boiled, drained, without salt",11,1090,"Magnesium, Mg",87.0,MG
168463,"Spinach, cooked, boiled, drained, without salt",11,1091,"Phosphorus, P",56.0,MG
168463,"Spinach, cooked, boiled, drained, without salt",11,1092,"Potassium, K",466.0,MG
168463,"Spinach, cooked, boiled, drained, without salt",11,1093,"Sodium, Na",70.0,MG
168463,"Spinach, cooked, boiled, drained, without salt",11,1095,"Zinc, Zn",0.76,MG
168463,"Spinach, cooked, boiled, drained, without salt",11,1098,"Copper, Cu",0.174,MG
168463,"Spinach, cooked, boiled, drained, without salt",11,1100,"Iodine, I",0.0,UG
168463,"Spinach, cooked, boiled, drained, without salt",11,1101,"Manganese, Mn",0.935,MG
168463,"Spinach, cooked, boiled, drained, without salt",11,1103,"Selenium, Se",1.5,UG
168463,"Spinach, cooked, boiled, drained, without salt",11,1104,"Vitamin A, IU",10481.0,IU
168463,"Spinach, cooked, boiled, drained, without salt",11,1110,"Vitamin D (D2 + D3), International Units",0.0,IU
168463,"Spinach, cooked, boiled, drained, without salt",11,1109,Vitamin E (alpha-tocopherol),2.08,MG
168463,"Spinach, cooked, boiled, drained, without salt",11,1165,Thiamin,0.095,MG
168463,"Spinach, cooked, boiled, drained, without salt",11,1166,Riboflavin,0.236,MG
168463,"Spinach, cooked, boiled, drained, without salt",11,1167,Niacin,0.49,MG
168463,"Spinach, cooked, boiled, drained, without salt",11,1170,Pantothenic acid,0.145,MG
168463,"Spinach, cooked, boiled, drained, without salt",11,1171,"Vitamin B-6, pyridoxine, alcohol form",0.0,MG
168463,"Spinach, cooked, boiled, drained, without salt",11,1178,Vitamin B-12,0.0,UG
168463,"Spinach, cooked, boiled, drained, without salt",11,1180,"Choline, total",19.7,MG
168463,"Spinach, cooked, boiled, drained, without salt",11,1186,Folic acid,0.0,UG
168463,"Spinach, cooked, boiled, drained, without salt",11,1210,Tryptophan,0.04,G
168463,"Spinach, cooked, boiled, drained, without salt",11,1211,Threonine,0.127,G
168463,"Spinach, cooked, boiled, drained, without salt",11,1212,Isoleucine,0.152,G
168463,"Spinach, cooked, boiled, drained, without salt",11,1213,Leucine,0.231,G
168463,"Spinach, cooked, boiled, drained, without salt",11,1214,Lysine,0.182,G
168463,"Spinach, cooked, boiled, drained, without salt",11,1215,Methionine,0.055,G
168463,"Spinach, cooked, boiled, drained, without salt",11,1217,Phenylalanine,0.134,G
168463,"Spinach, cooked, boiled, drained, without salt",11,1219,Valine,0.168,G
168463,"Spinach, cooked, boiled, drained, without salt",11,1220,Arginine,0.168,G
168463,"Spinach, cooked, boiled, drained, without salt",11,1221,Histidine,0.066,G
168463,"Spinach, cooked, boiled, drained, without salt",11,1229,Cysteine and methionine(sulfer containig AA),0.0,G
168463,"Spinach, cooked, boiled, drained, without salt",11,1230,Phenylalanine and tyrosine (aromatic  AA),0.0,G
168463,"Spinach, cooked, boiled, drained, without salt",11,1272,PUFA 22:6 n-3 (DHA),0.0,G
168463,"Spinach, cooked, boiled, drained, without salt",11,1278,PUFA 20:5 n-3 (EPA),0.0,G
168463,"Spinach, cooked, boiled, drained, without salt",11,1316,"PUFA 18:2 n-6 c,c",0.0,G
168463,"Spinach, cooked, boiled, drained, without salt",11,1404,"PUFA 18:3 n-3 c,c,c (ALA)",0.0,G
168486,"Taro, cooked, without salt",11,1003,Protein,0.52,G
168486,"Taro, cooked, without salt",11,1004,Total lipid (fat),0.11,G
168486,"Taro, cooked, without salt",11,1005,"Carbohydrate, by difference",34.6,G
168486,"Taro, cooked, without salt",11,1008,Energy,142.0,KCAL
168486,"Taro, cooked, without salt",11,1087,"Calcium, Ca",18.0,MG
168486,"Taro, cooked, without salt",11,1088,"Chlorine, Cl",0.0,MG
168486,"Taro, cooked, without salt",11,1089,"Iron, Fe",0.72,MG
168486,"Taro, cooked, without salt",11,1090,"Magnesium, Mg",30.0,MG
168486,"Taro, cooked, without salt",11,1091,"Phosphorus, P",76.0,MG
168486,"Taro, cooked, without salt",11,1092,"Potassium, K",484.0,MG
168486,"Taro, cooked, without salt",11,1093,"Sodium, Na",15.0,MG
168486,"Taro, cooked, without salt",11,1095,"Zinc, Zn",0.27,MG
168486,"Taro, cooked, without salt",11,1098,"Copper, Cu",0.201,MG
168486,"Taro, cooked, without salt",11,1100,"Iodine, I",0.0,UG
168486,"Taro, cooked, without salt",11,1101,"Manganese, Mn",0.449,MG
168486,"Taro, cooked, without salt",11,1103,"Selenium, Se",0.9,UG
168486,"Taro, cooked, without salt",11,1104,"Vitamin A, IU",84.0,IU
168486,"Taro, cooked, without salt",11,1110,"Vitamin D (D2 + D3), International Units",0.0,IU
168486,"Taro, cooked, without salt",11,1109,Vitamin E (alpha-tocopherol),2.93,MG
168486,"Taro, cooked, without salt",11,1165,Thiamin,0.107,MG
168486,"Taro, cooked, without salt",11,1166,Riboflavin,0.028,MG
168486,"Taro, cooked, without salt",11,1167,Niacin,0.51,MG
168486,"Taro, cooked, without salt",11,1170,Pantothenic acid,0.336,MG
168486,"Taro, cooked, without salt",11,1171,"Vitamin B-6, pyridoxine, alcohol form",0.0,MG
168486,"Taro, cooked, without salt",11,1178,Vitamin B-12,0.0,UG
168486,"Taro, cooked, without salt",11,1180,"Choline, total",21.3,MG
168486,"Taro, cooked, without salt",11,1186,Folic acid,0.0,UG
168486,"Taro, cooked, without salt",11,1210,Tryptophan,0.008,G
168486,"Taro, cooked, without salt",11,1211,Threonine,0.024,G
168486,"Taro, cooked, without salt",11,1212,Isoleucine,0.019,G
168486,"Taro, cooked, without salt",11,1213,Leucine,0.038,G
168486,"Taro, cooked, without salt",11,1214,Lysine,0.023,G
168486,"Taro, cooked, without salt",11,1215,Methionine,0.007,G
168486,"Taro, cooked, without salt",11,1217,Phenylalanine,0.028,G
168486,"Taro, cooked, without salt",11,1219,Valine,0.028,G
168486,"Taro, cooked, without salt",11,1220,Arginine,0.036,G
168486,"Taro, cooked, without salt",11,1221,Histidine,0.012,G
168486,"Taro, cooked, without salt",11,1229,Cysteine and methionine(sulfer containig AA),0.0,G
168486,"Taro, cooked, without salt",11,1230,Phenylalanine and tyrosine (aromatic  AA),0.0,G
168486,"Taro, cooked, without salt",11,1272,PUFA 22:6 n-3 (DHA),0.0,G
168486,"Taro, cooked, without salt",11,1278,PUFA 20:5 n-3 (EPA),0.0,G
168486,"Taro, cooked, without salt",11,1316,"PUFA 18:2 n-6 c,c",0.0,G
168486,"Taro, cooked, without salt",11,1404,"PUFA 18:3 n-3 c,c,c (ALA)",0.0,G
168568,"Carrots, baby, raw",11,1003,Protein,0.64,G
168568,"Carrots, baby, raw",11,1004,Total lipid (fat),0.13,G
168568,"Carrots, baby, raw",11,1005,"Carbohydrate, by difference",8.24,G
168568,"Carrots, baby, raw",11,1008,Energy,35.0,KCAL
168568,"Carrots, baby, raw",11,1087,"Calcium, Ca",32.0,MG
168568,"Carrots, baby, raw",11,1088,"Chlorine, Cl",0.0,MG
168568,"Carrots, baby, raw",11,1089,"Iron, Fe",0.89,MG
168568,"Carrots, baby, raw",11,1090,"Magnesium, Mg",10.0,MG
168568,"Carrots, baby, raw",11,1091,"Phosphorus, P",28.0,MG
168568,"Carrots, baby, raw",11,1092,"Potassium, K",237.0,MG
168568,"Carrots, baby, raw",11,1093,"Sodium, Na",78.0,MG
168568,"Carrots, baby, raw",11,1095,"Zinc, Zn",0.17,MG
168568,"Carrots, baby, raw",11,1098,"Copper, Cu",0.1,MG
168568,"Carrots, baby, raw",11,1100,"Iodine, I",0.0,UG
168568,"Carrots, baby, raw",11,1101,"Manganese, Mn",0.151,MG
168568,"Carrots, baby, raw",11,1103,"Selenium, Se",0.9,UG
168568,"Carrots, baby, raw",11,1104,"Vitamin A, IU",13790.0,IU
168568,"Carrots, baby, raw",11,1110,"Vitamin D (D2 + D3), International Units",0.0,IU
168568,"Carrots, baby, raw",11,1109,Vitamin E (alpha-tocopherol),0.0,MG
168568,"Carrots, baby, raw",11,1165,Thiamin,0.03,MG
168568,"Carrots, baby, raw",11,1166,Riboflavin,0.036,MG
168568,"Carrots, baby, raw",11,1167,Niacin,0.556,MG
168568,"Carrots, baby, raw",11,1170,Pantothenic acid,0.401,MG
168568,"Carrots, baby, raw",11,1171,"Vitamin B-6, pyridoxine, alcohol form",0.0,MG
168568,"Carrots, baby, raw",11,1178,Vitamin B-12,0.0,UG
168568,"Carrots, baby, raw",11,1180,"Choline, total",7.5,MG
168568,"Carrots, baby, raw",11,1186,Folic acid,0.0,UG
168568,"Carrots, baby, raw",11,1210,Tryptophan,0.009,G
168568,"Carrots, baby, raw",11,1211,Threonine,0.031,G
168568,"Carrots, baby, raw",11,1212,Isoleucine,0.034,G
168568,"Carrots, baby, raw",11,1213,Leucine,0.035,G
168568,"Carrots, baby, raw",11,1214,Lysine,0.033,G
168568,"Carrots, baby, raw",11,1215,Methionine,0.006,G
168568,"Carrots, baby, raw",11,1217,Phenylalanine,0.026,G
168568,"Carrots, baby, raw",11,1219,Valine,0.036,G
168568,"Carrots, baby, raw",11,1220,Arginine,0.035,G
168568,"Carrots, baby, raw",11,1221,Histidine,0.013,G
168568,"Carrots, baby, raw",11,1229,Cysteine and methionine(sulfer containig AA),0.0,G
168568,"Carrots, baby, raw",11,1230,Phenylalanine and tyrosine (aromatic  AA),0.0,G
168568,"Carrots, baby, raw",11,1272,PUFA 22:6 n-3 (DHA),0.0,G
168568,"Carrots, baby, raw",11,1278,PUFA 20:5 n-3 (EPA),0.0,G
168568,"Carrots, baby, raw",11,1316,"PUFA 18:2 n-6 c,c",0.0,G
168568,"Carrots, baby, raw",11,1404,"PUFA 18:3 n-3 c,c,c (ALA)",0.0,G
169211,"Bamboo shoots, cooked, boiled, drained, without salt",11,1003,Protein,1.53,G
169211,"Bamboo shoots, cooked, boiled, drained, without salt",11,1004,Total lipid (fat),0.22,G
169211,"Bamboo shoots, cooked, boiled, drained, without salt",11,1005,"Carbohydrate, by difference",1.92,G
169211,"Bamboo shoots, cooked, boiled, drained, without salt",11,1008,Energy,12.0,KCAL
169211,"Bamboo shoots, cooked, boiled, drained, without salt",11,1087,"Calcium, Ca",12.0,MG
169211,"Bamboo shoots, cooked, boiled, drained, without salt",11,1088,"Chlorine, Cl",0.0,MG
169211,"Bamboo shoots, cooked, boiled, drained, without salt",11,1089,"Iron, Fe",0.24,MG
169211,"Bamboo shoots, cooked, boiled, drained, without salt",11,1090,"Magnesium, Mg",3.0,MG
169211,"Bamboo shoots, cooked, boiled, drained, without salt",11,1091,"Phosphorus, P",20.0,MG
169211,"Bamboo shoots, cooked, boiled, drained, without salt",11,1092,"Potassium, K",533.0,MG
169211,"Bamboo shoots, cooked, boiled, drained, without salt",11,1093,"Sodium, Na",4.0,MG
169211,"Bamboo shoots, cooked, boiled, drained, without salt",11,1095,"Zinc, Zn",0.47,MG
169211,"Bamboo shoots, cooked, boiled, drained, without salt",11,1098,"Copper, Cu",0.082,MG
169211,"Bamboo shoots, cooked, boiled, drained, without salt",11,1100,"Iodine, I",0.0,UG
169211,"Bamboo shoots, cooked, boiled, drained, without salt",11,1101,"Manganese, Mn",0.113,MG
169211,"Bamboo shoots, cooked, boiled, drained, without salt",11,1103,"Selenium, Se",0.4,UG
169211,"Bamboo shoots, cooked, boiled, drained, without salt",11,1104,"Vitamin A, IU",0.0,IU
169211,"Bamboo shoots, cooked, boiled, drained, without salt",11,1110,"Vitamin D (D2 + D3), International Units",0.0,IU
169211,"Bamboo shoots, cooked, boiled, drained, without salt",11,1109,Vitamin E (alpha-tocopherol),0.0,MG
169211,"Bamboo shoots, cooked, boiled, drained, without salt",11,1165,Thiamin,0.02,MG
169211,"Bamboo shoots, cooked, boiled, drained, without salt",11,1166,Riboflavin,0.05,MG
169211,"Bamboo shoots, cooked, boiled, drained, without salt",11,1167,Niacin,0.3,MG
169211,"Bamboo shoots, cooked, boiled, drained, without salt",11,1170,Pantothenic acid,0.066,MG
169211,"Bamboo shoots, cooked, boiled, drained, without salt",11,1171,"Vitamin B-6, pyridoxine, alcohol form",0.0,MG
169211,"Bamboo shoots, cooked, boiled, drained, without salt",11,1178,Vitamin B-12,0.0,UG
169211,"Bamboo shoots, cooked, boiled, drained, without salt",11,1180,"Choline, total",0.0,MG
169211,"Bamboo shoots, cooked, boiled, drained, without salt",11,1186,Folic acid,0.0,UG
169211,"Bamboo shoots, cooked, boiled, drained, without salt",11,1210,Tryptophan,0.016,G
169211,"Bamboo shoots, cooked, boiled, drained, without salt",11,1211,Threonine,0.05,G
169211,"Bamboo shoots, cooked, boiled, drained, without salt",11,1212,Isoleucine,0.051,G
169211,"Bamboo shoots, cooked, boiled, drained, without salt",11,1213,Leucine,0.082,G
169211,"Bamboo shoots, cooked, boiled, drained, without salt",11,1214,Lysine,0.079,G
169211,"Bamboo shoots, cooked, boiled, drained, without salt",11,1215,Methionine,0.017,G
169211,"Bamboo shoots, cooked, boiled, drained, without salt",11,1217,Phenylalanine,0.053,G
169211,"Bamboo shoots, cooked, boiled, drained, without salt",11,1219,Valine,0.062,G
169211,"Bamboo shoots, cooked, boiled, drained, without salt",11,1220,Arginine,0.057,G
169211,"Bamboo shoots, cooked, boiled, drained, without salt",11,1221,Histidine,0.025,G
169211,"Bamboo shoots, cooked, boiled, drained, without salt",11,1229,Cysteine and methionine(sulfer containig AA),0.0,G
169211,"Bamboo shoots, cooked, boiled, drained, without salt",11,1230,Phenylalanine and tyrosine (aromatic  AA),0.0,G
169211,"Bamboo shoots, cooked, boiled, drained, without salt",11,1272,PUFA 22:6 n-3 (DHA),0.0,G
169211,"Bamboo shoots, cooked, boiled, drained, without salt",11,1278,PUFA 20:5 n-3 (EPA),0.0,G
169211,"Bamboo shoots, cooked, boiled, drained, without salt",11,1316,"PUFA 18:2 n-6 c,c",0.0,G
169211,"Bamboo shoots, cooked, boiled, drained, without salt",11,1404,"PUFA 18:3 n-3 c,c,c (ALA)",0.0,G
169225,"Cucumber, peeled, raw",11,1003,Protein,0.59,G
169225,"Cucumber, peeled, raw",11,1004,Total lipid (fat),0.16,G
169225,"Cucumber, peeled, raw",11,1005,"Carbohydrate, by difference",2.16,G
169225,"Cucumber, peeled, raw",11,1008,Energy,10.0,KCAL
169225,"Cucumber, peeled, raw",11,1087,"Calcium, Ca",14.0,MG
169225,"Cucumber, peeled, raw",11,1088,"Chlorine, Cl",0.0,MG
169225,"Cucumber, peeled, raw",11,1089,"Iron, Fe",0.22,MG
169225,"Cucumber, peeled, raw",11,1090,"Magnesium, Mg",12.0,MG
169225,"Cucumber, peeled, raw",11,1091,"Phosphorus, P",21.0,MG
169225,"Cucumber, peeled, raw",11,1092,"Potassium, K",136.0,MG
169225,"Cucumber, peeled, raw",11,1093,"Sodium, Na",2.0,MG
169225,"Cucumber, peeled, raw",11,1095,"Zinc, Zn",0.17,MG
169225,"Cucumber, peeled, raw",11,1098,"Copper, Cu",0.071,MG
169225,"Cucumber, peeled, raw",11,1100,"Iodine, I",0.0,UG
169225,"Cucumber, peeled, raw",11,1101,"Manganese, Mn",0.073,MG
169225,"Cucumber, peeled, raw",11,1103,"Selenium, Se",0.1,UG
169225,"Cucumber, peeled, raw",11,1104,"Vitamin A, IU",72.0,IU
169225,"Cucumber, peeled, raw",11,1110,"Vitamin D (D2 + D3), International Units",0.0,IU
169225,"Cucumber, peeled, raw",11,1109,Vitamin E (alpha-tocopherol),0.03,MG
169225,"Cucumber, peeled, raw",11,1165,Thiamin,0.031,MG
169225,"Cucumber, peeled, raw",11,1166,Riboflavin,0.025,MG
169225,"Cucumber, peeled, raw",11,1167,Niacin,0.037,MG
169225,"Cucumber, peeled, raw",11,1170,Pantothenic acid,0.24,MG
169225,"Cucumber, peeled, raw",11,1171,"Vitamin B-6, pyridoxine, alcohol form",0.0,MG
169225,"Cucumber, peeled, raw",11,1178,Vitamin B-12,0.0,UG
169225,"Cucumber, peeled, raw",11,1180,"Choline, total",5.7,MG
169225,"Cucumber, peeled, raw",11,1186,Folic acid,0.0,UG
169225,"Cucumber, peeled, raw",11,1210,Tryptophan,0.007,G
169225,"Cucumber, peeled, raw",11,1211,Threonine,0.012,G
169225,"Cucumber, peeled, raw",11,1212,Isoleucine,0.012,G
169225,"Cucumber, peeled, raw",11,1213,Leucine,0.025,G
169225,"Cucumber, peeled, raw",11,1214,Lysine,0.025,G
169225,"Cucumber, peeled, raw",11,1215,Methionine,0.012,G
169225,"Cucumber, peeled, raw",11,1217,Phenylalanine,0.031,G
169225,"Cucumber, peeled, raw",11,1219,Valine,0.012,G
169225,"Cucumber, peeled, raw",11,1220,Arginine,0.031,G
169225,"Cucumber, peeled, raw",11,1221,Histidine,0.002,G
169225,"Cucumber, peeled, raw",11,1229,Cysteine and methionine(sulfer containig AA),0.0,G
169225,"Cucumber, peeled, raw",11,1230,Phenylalanine and tyrosine (aromatic  AA),0.0,G
169225,"Cucumber, peeled, raw",11,1272,PUFA 22:6 n-3 (DHA),0.0,G
169225,"Cucumber, peeled, raw",11,1278,PUFA 20:5 n-3 (EPA),0.0,G
169225,"Cucumber, peeled, raw",11,1316,"PUFA 18:2 n-6 c,c",0.0,G
169225,"Cucumber, peeled, raw",11,1404,"PUFA 18:3 n-3 c,c,c (ALA)",0.0,G
169283,"Soybeans, green, cooked, boiled, drained, without salt",11,1003,Protein,12.35,G
169283,"Soybeans, green, cooked, boiled, drained, without salt",11,1004,Total lipid (fat),6.4,G
169283,"Soybeans, green, cooked, boiled, drained, without salt",11,1005,"Carbohydrate, by difference",11.05,G
169283,"Soybeans, green, cooked, boiled, drained, without salt",11,1008,Energy,141.0,KCAL
169283,"Soybeans, green, cooked, boiled, drained, without salt",11,1087,"Calcium, Ca",145.0,MG
169283,"Soybeans, green, cooked, boiled, drained, without salt",11,1088,"Chlorine, Cl",0.0,MG
169283,"Soybeans, green, cooked, boiled, drained, without salt",11,1089,"Iron, Fe",2.5,MG
169283,"Soybeans, green, cooked, boiled, drained, without salt",11,1090,"Magnesium, Mg",60.0,MG
169283,"Soybeans, green, cooked, boiled, drained, without salt",11,1091,"Phosphorus, P",158.0,MG
169283,"Soybeans, green, cooked, boiled, drained, without salt",11,1092,"Potassium, K",539.0,MG
169283,"Soybeans, green, cooked, boiled, drained, without salt",11,1093,"Sodium, Na",14.0,MG
169283,"Soybeans, green, cooked, boiled, drained, without salt",11,1095,"Zinc, Zn",0.91,MG
169283,"Soybeans, green, cooked, boiled, drained, without salt",11,1098,"Copper, Cu",0.117,MG
169283,"Soybeans, green, cooked, boiled, drained, without salt",11,1100,"Iodine, I",0.0,UG
169283,"Soybeans, green, cooked, boiled, drained, without salt",11,1101,"Manganese, Mn",0.502,MG
169283,"Soybeans, green, cooked, boiled, drained, without salt",11,1103,"Selenium, Se",1.4,UG
169283,"Soybeans, green, cooked, boiled, drained, without salt",11,1104,"Vitamin A, IU",156.0,IU
169283,"Soybeans, green, cooked, boiled, drained, without salt",11,1110,"Vitamin D (D2 + D3), International Units",0.0,IU
169283,"Soybeans, green, cooked, boiled, drained, without salt",11,1109,Vitamin E (alpha-tocopherol),0.0,MG
169283,"Soybeans, green, cooked, boiled, drained, without salt",11,1165,Thiamin,0.26,MG
169283,"Soybeans, green, cooked, boiled, drained, without salt",11,1166,Riboflavin,0.155,MG
169283,"Soybeans, green, cooked, boiled, drained, without salt",11,1167,Niacin,1.25,MG
169283,"Soybeans, green, cooked, boiled, drained, without salt",11,1170,Pantothenic acid,0.128,MG
169283,"Soybeans, green, cooked, boiled, drained, without salt",11,1171,"Vitamin B-6, pyridoxine, alcohol form",0.0,MG
169283,"Soybeans, green, cooked, boiled, drained, without salt",11,1178,Vitamin B-12,0.0,UG
169283,"Soybeans, green, cooked, boiled, drained, without salt",11,1180,"Choline, total",0.0,MG
169283,"Soybeans, green, cooked, boiled, drained, without salt",11,1186,Folic acid,0.0,UG
169283,"Soybeans, green, cooked, boiled, drained, without salt",11,1210,Tryptophan,0.15,G
169283,"Soybeans, green, cooked, boiled, drained, without salt",11,1211,Threonine,0.492,G
169283,"Soybeans, green, cooked, boiled, drained, without salt",11,1212,Isoleucine,0.543,G
169283,"Soybeans, green, cooked, boiled, drained, without salt",11,1213,Leucine,0.883,G
169283,"Soybeans, green, cooked, boiled, drained, without salt",11,1214,Lysine,0.739,G
169283,"Soybeans, green, cooked, boiled, drained, without salt",11,1215,Methionine,0.15,G
169283,"Soybeans, green, cooked, boiled, drained, without salt",11,1217,Phenylalanine,0.559,G
169283,"Soybeans, green, cooked, boiled, drained, without salt",11,1219,Valine,0.549,G
169283,"Soybeans, green, cooked, boiled, drained, without salt",11,1220,Arginine,0.994,G
169283,"Soybeans, green, cooked, boiled, drained, without salt",11,1221,Histidine,0.332,G
169283,"Soybeans, green, cooked, boiled, drained, without salt",11,1229,Cysteine and methionine(sulfer containig AA),0.0,G
169283,"Soybeans, green, cooked, boiled, drained, without salt",11,1230,Phenylalanine and tyrosine (aromatic  AA),0.0,G
169283,"Soybeans, green, cooked, boiled, drained, without salt",11,1272,PUFA 22:6 n-3 (DHA),0.0,G
169283,"Soybeans, green, cooked, boiled, drained, without salt",11,1278,PUFA 20:5 n-3 (EPA),0.0,G
169283,"Soybeans, green, cooked, boiled, drained, without salt",11,1316,"PUFA 18:2 n-6 c,c",0.0,G
169283,"Soybeans, green, cooked, boiled, drained, without salt",11,1404,"PUFA 18:3 n-3 c,c,c (ALA)",0.0,G
169292,"Squash, summer, zucchini, includes skin, cooked, boiled, drained, without salt",11,1003,Protein,1.14,G
169292,"Squash, summer, zucchini, includes skin, cooked, boiled, drained, without salt",11,1004,Total lipid (fat),0.36,G
169292,"Squash, summer, zucchini, includes skin, cooked, boiled, drained, without salt",11,1005,"Carbohydrate, by difference",2.69,G
169292,"Squash, summer, zucchini, includes skin, cooked, boiled, drained, without salt",11,1008,Energy,15.0,KCAL
169292,"Squash, summer, zucchini, includes skin, cooked, boiled, drained, without salt",11,1087,"Calcium, Ca",18.0,MG
169292,"Squash, summer, zucchini, includes skin, cooked, boiled, drained, without salt",11,1088,"Chlorine, Cl",0.0,MG
169292,"Squash, summer, zucchini, includes skin, cooked, boiled, drained, without salt",11,1089,"Iron, Fe",0.37,MG
169292,"Squash, summer, zucchini, includes skin, cooked, boiled, drained, without salt",11,1090,"Magnesium, Mg",19.0,MG
169292,"Squash, summer, zucchini, includes skin, cooked, boiled, drained, without salt",11,1091,"Phosphorus, P",37.0,MG
169292,"Squash, summer, zucchini, includes skin, cooked, boiled, drained, without salt",11,1092,"Potassium, K",264.0,MG
169292,"Squash, summer, zucchini, includes skin, cooked, boiled, drained, without salt",11,1093,"Sodium, Na",3.0,MG
169292,"Squash, summer, zucchini, includes skin, cooked, boiled, drained, without salt",11,1095,"Zinc, Zn",0.33,MG
169292,"Squash, summer, zucchini, includes skin, cooked, boiled, drained, without salt",11,1098,"Copper, Cu",0.052,MG
169292,"Squash, summer, zucchini, includes skin, cooked, boiled, drained, without salt",11,1100,"Iodine, I",0.0,UG
169292,"Squash, summer, zucchini, includes skin, cooked, boiled, drained, without salt",11,1101,"Manganese, Mn",0.173,MG
169292,"Squash, summer, zucchini, includes skin, cooked, boiled, drained, without salt",11,1103,"Selenium, Se",0.2,UG
169292,"Squash, summer, zucchini, includes skin, cooked, boiled, drained, without salt",11,1104,"Vitamin A, IU",1117.0,IU
169292,"Squash, summer, zucchini, includes skin, cooked, boiled, drained, without salt",11,1110,"Vitamin D (D2 + D3), International Units",0.0,IU
169292,"Squash, summer, zucchini, includes skin, cooked, boiled, drained, without salt",11,1109,Vitamin E (alpha-tocopherol),0.12,MG
169292,"Squash, summer, zucchini, includes skin, cooked, boiled, drained, without salt",11,1165,Thiamin,0.035,MG
169292,"Squash, summer, zucchini, includes skin, cooked, boiled, drained, without salt",11,1166,Riboflavin,0.024,MG
169292,"Squash, summer, zucchini, includes skin, cooked, boiled, drained, without salt",11,1167,Niacin,0.51,MG
169292,"Squash, summer, zucchini, includes skin, cooked, boiled, drained, without salt",11,1170,Pantothenic acid,0.288,MG
169292,"Squash, summer, zucchini, includes skin, cooked, boiled, drained, without salt",11,1171,"Vitamin B-6, pyridoxine, alcohol form",0.0,MG
169292,"Squash, summer, zucchini, includes skin, cooked, boiled, drained, without salt",11,1178,Vitamin B-12,0.0,UG
169292,"Squash, summer, zucchini, includes skin, cooked, boiled, drained, without salt",11,1180,"Choline, total",9.4,MG
169292,"Squash, summer, zucchini, includes skin, cooked, boiled, drained, without salt",11,1186,Folic acid,0.0,UG
169292,"Squash, summer, zucchini, includes skin, cooked, boiled, drained, without salt",11,1210,Tryptophan,0.006,G
169292,"Squash, summer, zucchini, includes skin, cooked, boiled, drained, without salt",11,1211,Threonine,0.015,G
169292,"Squash, summer, zucchini, includes skin, cooked, boiled, drained, without salt",11,1212,Isoleucine,0.023,G
169292,"Squash, summer, zucchini, includes skin, cooked, boiled, drained, without salt",11,1213,Leucine,0.037,G
169292,"Squash, summer, zucchini, includes skin, cooked, boiled, drained, without salt",11,1214,Lysine,0.035,G
169292,"Squash, summer, zucchini, includes skin, cooked, boiled, drained, without salt",11,1215,Methionine,0.009,G
169292,"Squash, summer, zucchini, includes skin, cooked, boiled, drained, without salt",11,1217,Phenylalanine,0.022,G
169292,"Squash, summer, zucchini, includes skin, cooked, boiled, drained, without salt",11,1219,Valine,0.029,G
169292,"Squash, summer, zucchini, includes skin, cooked, boiled, drained, without salt",11,1220,Arginine,0.027,G
169292,"Squash, summer, zucchini, includes skin, cooked, boiled, drained, without salt",11,1221,Histidine,0.014,G
169292,"Squash, summer, zucchini, includes skin, cooked, boiled, drained, without salt",11,1229,Cysteine and methionine(sulfer containig AA),0.0,G
169292,"Squash, summer, zucchini, includes skin, cooked, boiled, drained, without salt",11,1230,Phenylalanine and tyrosine (aromatic  AA),0.0,G
169292,"Squash, summer, zucchini, includes skin, cooked, boiled, drained, without salt",11,1272,PUFA 22:6 n-3 (DHA),0.0,G
169292,"Squash, summer, zucchini, includes skin, cooked, boiled, drained, without salt",11,1278,PUFA 20:5 n-3 (EPA),0.0,G
169292,"Squash, summer, zucchini, includes skin, cooked, boiled, drained, without salt",11,1316,"PUFA 18:2 n-6 c,c",0.0,G
169292,"Squash, summer, zucchini, includes skin, cooked, boiled, drained, without salt",11,1404,"PUFA 18:3 n-3 c,c,c (ALA)",0.0,G
169302,"Water convolvulus, cooked, boiled, drained, without salt",11,1003,Protein,2.08,G
169302,"Water convolvulus, cooked, boiled, drained, without salt",11,1004,Total lipid (fat),0.24,G
169302,"Water convolvulus, cooked, boiled, drained, without salt",11,1005,"Carbohydrate, by difference",3.7,G
169302,"Water convolvulus, cooked, boiled, drained, without salt",11,1008,Energy,20.0,KCAL
169302,"Water convolvulus, cooked, boiled, drained, without salt",11,1087,"Calcium, Ca",54.0,MG
169302,"Water convolvulus, cooked, boiled, drained, without salt",11,1088,"Chlorine, Cl",0.0,MG
169302,"Water convolvulus, cooked, boiled, drained, without salt",11,1089,"Iron, Fe",1.32,MG
169302,"Water convolvulus, cooked, boiled, drained, without salt",11,1090,"Magnesium, Mg",30.0,MG
169302,"Water convolvulus, cooked, boiled, drained, without salt",11,1091,"Phosphorus, P",42.0,MG
169302,"Water convolvulus, cooked, boiled, drained, without salt",11,1092,"Potassium, K",284.0,MG
169302,"Water convolvulus, cooked, boiled, drained, without salt",11,1093,"Sodium, Na",122.0,MG
169302,"Water convolvulus, cooked, boiled, drained, without salt",11,1095,"Zinc, Zn",0.16,MG
169302,"Water convolvulus, cooked, boiled, drained, without salt",11,1098,"Copper, Cu",0.021,MG
169302,"Water convolvulus, cooked, boiled, drained, without salt",11,1100,"Iodine, I",0.0,UG
169302,"Water convolvulus, cooked, boiled, drained, without salt",11,1101,"Manganese, Mn",0.143,MG
169302,"Water convolvulus, cooked, boiled, drained, without salt",11,1103,"Selenium, Se",0.9,UG
169302,"Water convolvulus, cooked, boiled, drained, without salt",11,1104,"Vitamin A, IU",5200.0,IU
169302,"Water convolvulus, cooked, boiled, drained, without salt",11,1110,"Vitamin D (D2 + D3), International Units",0.0,IU
169302,"Water convolvulus, cooked, boiled, drained, without salt",11,1109,Vitamin E (alpha-tocopherol),0.0,MG
169302,"Water convolvulus, cooked, boiled, drained, without salt",11,1165,Thiamin,0.05,MG
169302,"Water convolvulus, cooked, boiled, drained, without salt",11,1166,Riboflavin,0.08,MG
169302,"Water convolvulus, cooked, boiled, drained, without salt",11,1167,Niacin,0.5,MG
169302,"Water convolvulus, cooked, boiled, drained, without salt",11,1170,Pantothenic acid,0.126,MG
169302,"Water convolvulus, cooked, boiled, drained, without salt",11,1171,"Vitamin B-6, pyridoxine, alcohol form",0.0,MG
169302,"Water convolvulus, cooked, boiled, drained, without salt",11,1178,Vitamin B-12,0.0,UG
169302,"Water convolvulus, cooked, boiled, drained, without salt",11,1180,"Choline, total",0.0,MG
169302,"Water convolvulus, cooked, boiled, drained, without salt",11,1186,Folic acid,0.0,UG
169302,"Water convolvulus, cooked, boiled, drained, without salt",11,1210,Tryptophan,0.0,G
169302,"Water convolvulus, cooked, boiled, drained, without salt",11,1211,Threonine,0.112,G
169302,"Water convolvulus, cooked, boiled, drained, without salt",11,1212,Isoleucine,0.083,G
169302,"Water convolvulus, cooked, boiled, drained, without salt",11,1213,Leucine,0.116,G
169302,"Water convolvulus, cooked, boiled, drained, without salt",11,1214,Lysine,0.087,G
169302,"Water convolvulus, cooked, boiled, drained, without salt",11,1215,Methionine,0.035,G
169302,"Water convolvulus, cooked, boiled, drained, without salt",11,1217,Phenylalanine,0.102,G
169302,"Water convolvulus, cooked, boiled, drained, without salt",11,1219,Valine,0.108,G
169302,"Water convolvulus, cooked, boiled, drained, without salt",11,1220,Arginine,0.118,G
169302,"Water convolvulus, cooked, boiled, drained, without salt",11,1221,Histidine,0.037,G
169302,"Water convolvulus, cooked, boiled, drained, without salt",11,1229,Cysteine and methionine(sulfer containig AA),0.0,G
169302,"Water convolvulus, cooked, boiled, drained, without salt",11,1230,Phenylalanine and tyrosine (aromatic  AA),0.0,G
169302,"Water convolvulus, cooked, boiled, drained, without salt",11,1272,PUFA 22:6 n-3 (DHA),0.0,G
169302,"Water convolvulus, cooked, boiled, drained, without salt",11,1278,PUFA 20:5 n-3 (EPA),0.0,G
169302,"Water convolvulus, cooked, boiled, drained, without salt",11,1316,"PUFA 18:2 n-6 c,c",0.0,G
169302,"Water convolvulus, cooked, boiled, drained, without salt",11,1404,"PUFA 18:3 n-3 c,c,c (ALA)",0.0,G
169390,"Cauliflower, green, cooked, no salt added",11,1003,Protein,3.04,G
169390,"Cauliflower, green, cooked, no salt added",11,1004,Total lipid (fat),0.31,G
169390,"Cauliflower, green, cooked, no salt added",11,1005,"Carbohydrate, by difference",6.28,G
169390,"Cauliflower, green, cooked, no salt added",11,1008,Energy,32.0,KCAL
169390,"Cauliflower, green, cooked, no salt added",11,1087,"Calcium, Ca",32.0,MG
169390,"Cauliflower, green, cooked, no salt added",11,1088,"Chlorine, Cl",0.0,MG
169390,"Cauliflower, green, cooked, no salt added",11,1089,"Iron, Fe",0.72,MG
169390,"Cauliflower, green, cooked, no salt added",11,1090,"Magnesium, Mg",19.0,MG
169390,"Cauliflower, green, cooked, no salt added",11,1091,"Phosphorus, P",57.0,MG
169390,"Cauliflower, green, cooked, no salt added",11,1092,"Potassium, K",278.0,MG
169390,"Cauliflower, green, cooked, no salt added",11,1093,"Sodium, Na",23.0,MG
169390,"Cauliflower, green, cooked, no salt added",11,1095,"Zinc, Zn",0.63,MG
169390,"Cauliflower, green, cooked, no salt added",11,1098,"Copper, Cu",0.04,MG
169390,"Cauliflower, green, cooked, no salt added",11,1100,"Iodine, I",0.0,UG
169390,"Cauliflower, green, cooked, no salt added",11,1101,"Manganese, Mn",0.242,MG
169390,"Cauliflower, green, cooked, no salt added",11,1103,"Selenium, Se",0.8,UG
169390,"Cauliflower, green, cooked, no salt added",11,1104,"Vitamin A, IU",144.0,IU
169390,"Cauliflower, green, cooked, no salt added",11,1110,"Vitamin D (D2 + D3), International Units",0.0,IU
169390,"Cauliflower, green, cooked, no salt added",11,1109,Vitamin E (alpha-tocopherol),0.04,MG
169390,"Cauliflower, green, cooked, no salt added",11,1165,Thiamin,0.07,MG
169390,"Cauliflower, green, cooked, no salt added",11,1166,Riboflavin,0.1,MG
169390,"Cauliflower, green, cooked, no salt added",11,1167,Niacin,0.681,MG
169390,"Cauliflower, green, cooked, no salt added",11,1170,Pantothenic acid,0.681,MG
169390,"Cauliflower, green, cooked, no salt added",11,1171,"Vitamin B-6, pyridoxine, alcohol form",0.0,MG
169390,"Cauliflower, green, cooked, no salt added",11,1178,Vitamin B-12,0.0,UG
169390,"Cauliflower, green, cooked, no salt added",11,1180,"Choline, total",58.8,MG
169390,"Cauliflower, green, cooked, no salt added",11,1186,Folic acid,0.0,UG
169390,"Cauliflower, green, cooked, no salt added",11,1210,Tryptophan,0.04,G
169390,"Cauliflower, green, cooked, no salt added",11,1211,Threonine,0.11,G
169390,"Cauliflower, green, cooked, no salt added",11,1212,Isoleucine,0.116,G
169390,"Cauliflower, green, cooked, no salt added",11,1213,Leucine,0.178,G
169390,"Cauliflower, green, cooked, no salt added",11,1214,Lysine,0.163,G
169390,"Cauliflower, green, cooked, no salt added",11,1215,Methionine,0.043,G
169390,"Cauliflower, green, cooked, no salt added",11,1217,Phenylalanine,0.108,G
169390,"Cauliflower, green, cooked, no salt added",11,1219,Valine,0.153,G
169390,"Cauliflower, green, cooked, no salt added",11,1220,Arginine,0.146,G
169390,"Cauliflower, green, cooked, no salt added",11,1221,Histidine,0.061,G
169390,"Cauliflower, green, cooked, no salt added",11,1229,Cysteine and methionine(sulfer containig AA),0.0,G
169390,"Cauliflower, green, cooked, no salt added",11,1230,Phenylalanine and tyrosine (aromatic  AA),0.0,G
169390,"Cauliflower, green, cooked, no salt added",11,1272,PUFA 22:6 n-3 (DHA),0.0,G
169390,"Cauliflower, green, cooked, no salt added",11,1278,PUFA 20:5 n-3 (EPA),0.0,G
169390,"Cauliflower, green, cooked, no salt added",11,1316,"PUFA 18:2 n-6 c,c",0.0,G
169390,"Cauliflower, green, cooked, no salt added",11,1404,"PUFA 18:3 n-3 c,c,c (ALA)",0.0,G
169967,"Broccoli, cooked, boiled, drained, without salt",11,1003,Protein,2.38,G
169967,"Broccoli, cooked, boiled, drained, without salt",11,1004,Total lipid (fat),0.41,G
169967,"Broccoli, cooked, boiled, drained, without salt",11,1005,"Carbohydrate, by difference",7.18,G
169967,"Broccoli, cooked, boiled, drained, without salt",11,1008,Energy,35.0,KCAL
169967,"Broccoli, cooked, boiled, drained, without salt",11,1087,"Calcium, Ca",40.0,MG
169967,"Broccoli, cooked, boiled, drained, without salt",11,1088,"Chlorine, Cl",0.0,MG
169967,"Broccoli, cooked, boiled, drained, without salt",11,1089,"Iron, Fe",0.67,MG
169967,"Broccoli, cooked, boiled, drained, without salt",11,1090,"Magnesium, Mg",21.0,MG
169967,"Broccoli, cooked, boiled, drained, without salt",11,1091,"Phosphorus, P",67.0,MG
169967,"Broccoli, cooked, boiled, drained, without salt",11,1092,"Potassium, K",293.0,MG
169967,"Broccoli, cooked, boiled, drained, without salt",11,1093,"Sodium, Na",41.0,MG
169967,"Broccoli, cooked, boiled, drained, without salt",11,1095,"Zinc, Zn",0.45,MG
169967,"Broccoli, cooked, boiled, drained, without salt",11,1098,"Copper, Cu",0.061,MG
169967,"Broccoli, cooked, boiled, drained, without salt",11,1100,"Iodine, I",0.0,UG
169967,"Broccoli, cooked, boiled, drained, without salt",11,1101,"Manganese, Mn",0.194,MG
169967,"Broccoli, cooked, boiled, drained, without salt",11,1103,"Selenium, Se",1.6,UG
169967,"Broccoli, cooked, boiled, drained, without salt",11,1104,"Vitamin A, IU",1548.0,IU
169967,"Broccoli, cooked, boiled, drained, without salt",11,1110,"Vitamin D (D2 + D3), International Units",0.0,IU
169967,"Broccoli, cooked, boiled, drained, without salt",11,1109,Vitamin E (alpha-tocopherol),1.45,MG
169967,"Broccoli, cooked, boiled, drained, without salt",11,1165,Thiamin,0.063,MG
169967,"Broccoli, cooked, boiled, drained, without salt",11,1166,Riboflavin,0.123,MG
169967,"Broccoli, cooked, boiled, drained, without salt",11,1167,Niacin,0.553,MG
169967,"Broccoli, cooked, boiled, drained, without salt",11,1170,Pantothenic acid,0.616,MG
169967,"Broccoli, cooked, boiled, drained, without salt",11,1171,"Vitamin B-6, pyridoxine, alcohol form",0.0,MG
169967,"Broccoli, cooked, boiled, drained, without salt",11,1178,Vitamin B-12,0.0,UG
169967,"Broccoli, cooked, boiled, drained, without salt",11,1180,"Choline, total",40.1,MG
169967,"Broccoli, cooked, boiled, drained, without salt",11,1186,Folic acid,0.0,UG
169967,"Broccoli, cooked, boiled, drained, without salt",11,1210,Tryptophan,0.034,G
169967,"Broccoli, cooked, boiled, drained, without salt",11,1211,Threonine,0.096,G
169967,"Broccoli, cooked, boiled, drained, without salt",11,1212,Isoleucine,0.092,G
169967,"Broccoli, cooked, boiled, drained, without salt",11,1213,Leucine,0.147,G
169967,"Broccoli, cooked, boiled, drained, without salt",11,1214,Lysine,0.155,G
169967,"Broccoli, cooked, boiled, drained, without salt",11,1215,Methionine,0.043,G
169967,"Broccoli, cooked, boiled, drained, without salt",11,1217,Phenylalanine,0.116,G
169967,"Broccoli, cooked, boiled, drained, without salt",11,1219,Valine,0.138,G
169967,"Broccoli, cooked, boiled, drained, without salt",11,1220,Arginine,0.2,G
169967,"Broccoli, cooked, boiled, drained, without salt",11,1221,Histidine,0.063,G
169967,"Broccoli, cooked, boiled, drained, without salt",11,1229,Cysteine and methionine(sulfer containig AA),0.0,G
169967,"Broccoli, cooked, boiled, drained, without salt",11,1230,Phenylalanine and tyrosine (aromatic  AA),0.0,G
169967,"Broccoli, cooked, boiled, drained, without salt",11,1272,PUFA 22:6 n-3 (DHA),0.0,G
169967,"Broccoli, cooked, boiled, drained, without salt",11,1278,PUFA 20:5 n-3 (EPA),0.0,G
169967,"Broccoli, cooked, boiled, drained, without salt",11,1316,"PUFA 18:2 n-6 c,c",0.0,G
169967,"Broccoli, cooked, boiled, drained, without salt",11,1404,"PUFA 18:3 n-3 c,c,c (ALA)",0.0,G
169969,"Broccoli, frozen, chopped, cooked, boiled, drained, without salt",11,1003,Protein,3.1,G
169969,"Broccoli, frozen, chopped, cooked, boiled, drained, without salt",11,1004,Total lipid (fat),0.12,G
169969,"Broccoli, frozen, chopped, cooked, boiled, drained, without salt",11,1005,"Carbohydrate, by difference",5.35,G
169969,"Broccoli, frozen, chopped, cooked, boiled, drained, without salt",11,1008,Energy,28.0,KCAL
169969,"Broccoli, frozen, chopped, cooked, boiled, drained, without salt",11,1087,"Calcium, Ca",33.0,MG
169969,"Broccoli, frozen, chopped, cooked, boiled, drained, without salt",11,1088,"Chlorine, Cl",0.0,MG
169969,"Broccoli, frozen, chopped, cooked, boiled, drained, without salt",11,1089,"Iron, Fe",0.61,MG
169969,"Broccoli, frozen, chopped, cooked, boiled, drained, without salt",11,1090,"Magnesium, Mg",13.0,MG
169969,"Broccoli, frozen, chopped, cooked, boiled, drained, without salt",11,1091,"Phosphorus, P",49.0,MG
169969,"Broccoli, frozen, chopped, cooked, boiled, drained, without salt",11,1092,"Potassium, K",142.0,MG
169969,"Broccoli, frozen, chopped, cooked, boiled, drained, without salt",11,1093,"Sodium, Na",11.0,MG
169969,"Broccoli, frozen, chopped, cooked, boiled, drained, without salt",11,1095,"Zinc, Zn",0.28,MG
169969,"Broccoli, frozen, chopped, cooked, boiled, drained, without salt",11,1098,"Copper, Cu",0.034,MG
169969,"Broccoli, frozen, chopped, cooked, boiled, drained, without salt",11,1100,"Iodine, I",0.0,UG
169969,"Broccoli, frozen, chopped, cooked, boiled, drained, without salt",11,1101,"Manganese, Mn",0.223,MG
169969,"Broccoli, frozen, chopped, cooked, boiled, drained, without salt",11,1103,"Selenium, Se",0.7,UG
169969,"Broccoli, frozen, chopped, cooked, boiled, drained, without salt",11,1104,"Vitamin A, IU",1011.0,IU
169969,"Broccoli, frozen, chopped, cooked, boiled, drained, without salt",11,1110,"Vitamin D (D2 + D3), International Units",0.0,IU
169969,"Broccoli, frozen, chopped, cooked, boiled, drained, without salt",11,1109,Vitamin E (alpha-tocopherol),1.32,MG
169969,"Broccoli, frozen, chopped, cooked, boiled, drained, without salt",11,1165,Thiamin,0.055,MG
169969,"Broccoli, frozen, chopped, cooked, boiled, drained, without salt",11,1166,Riboflavin,0.081,MG
169969,"Broccoli, frozen, chopped, cooked, boiled, drained, without salt",11,1167,Niacin,0.458,MG
169969,"Broccoli, frozen, chopped, cooked, boiled, drained, without salt",11,1170,Pantothenic acid,0.274,MG
169969,"Broccoli, frozen, chopped, cooked, boiled, drained, without salt",11,1171,"Vitamin B-6, pyridoxine, alcohol form",0.0,MG
169969,"Broccoli, frozen, chopped, cooked, boiled, drained, without salt",11,1178,Vitamin B-12,0.0,UG
169969,"Broccoli, frozen, chopped, cooked, boiled, drained, without salt",11,1180,"Choline, total",16.2,MG
169969,"Broccoli, frozen, chopped, cooked, boiled, drained, without salt",11,1186,Folic acid,0.0,UG
169969,"Broccoli, frozen, chopped, cooked, boiled, drained, without salt",11,1210,Tryptophan,0.032,G
169969,"Broccoli, frozen, chopped, cooked, boiled, drained, without salt",11,1211,Threonine,0.101,G
169969,"Broccoli, frozen, chopped, cooked, boiled, drained, without salt",11,1212,Isoleucine,0.121,G
169969,"Broccoli, frozen, chopped, cooked, boiled, drained, without salt",11,1213,Leucine,0.145,G
169969,"Broccoli, frozen, chopped, cooked, boiled, drained, without salt",11,1214,Lysine,0.156,G
169969,"Broccoli, frozen, chopped, cooked, boiled, drained, without salt",11,1215,Methionine,0.037,G
169969,"Broccoli, frozen, chopped, cooked, boiled, drained, without salt",11,1217,Phenylalanine,0.094,G
169969,"Broccoli, frozen, chopped, cooked, boiled, drained, without salt",11,1219,Valine,0.142,G
169969,"Broccoli, frozen, chopped, cooked, boiled, drained, without salt",11,1220,Arginine,0.161,G
169969,"Broccoli, frozen, chopped, cooked, boiled, drained, without salt",11,1221,Histidine,0.055,G
169969,"Broccoli, frozen, chopped, cooked, boiled, drained, without salt",11,1229,Cysteine and methionine(sulfer containig AA),0.0,G
169969,"Broccoli, frozen, chopped, cooked, boiled, drained, without salt",11,1230,Phenylalanine and tyrosine (aromatic  AA),0.0,G
169969,"Broccoli, frozen, chopped, cooked, boiled, drained, without salt",11,1272,PUFA 22:6 n-3 (DHA),0.0,G
169969,"Broccoli, frozen, chopped, cooked, boiled, drained, without salt",11,1278,PUFA 20:5 n-3 (EPA),0.0,G
169969,"Broccoli, frozen, chopped, cooked, boiled, drained, without salt",11,1316,"PUFA 18:2 n-6 c,c",0.0,G
169969,"Broccoli, frozen, chopped, cooked, boiled, drained, without salt",11,1404,"PUFA 18:3 n-3 c,c,c (ALA)",0.0,G
169976,"Cabbage, cooked, boiled, drained, without salt",11,1003,Protein,1.27,G
169976,"Cabbage, cooked, boiled, drained, without salt",11,1004,Total lipid (fat),0.06,G
169976,"Cabbage, cooked, boiled, drained, without salt",11,1005,"Carbohydrate, by difference",5.51,G
169976,"Cabbage, cooked, boiled, drained, without salt",11,1008,Energy,23.0,KCAL
169976,"Cabbage, cooked, boiled, drained, without salt",11,1087,"Calcium, Ca",48.0,MG
169976,"Cabbage, cooked, boiled, drained, without salt",11,1088,"Chlorine, Cl",0.0,MG
169976,"Cabbage, cooked, boiled, drained, without salt",11,1089,"Iron, Fe",0.17,MG
169976,"Cabbage, cooked, boiled, drained, without salt",11,1090,"Magnesium, Mg",15.0,MG
169976,"Cabbage, cooked, boiled, drained, without salt",11,1091,"Phosphorus, P",33.0,MG
169976,"Cabbage, cooked, boiled, drained, without salt",11,1092,"Potassium, K",196.0,MG
169976,"Cabbage, cooked, boiled, drained, without salt",11,1093,"Sodium, Na",8.0,MG
169976,"Cabbage, cooked, boiled, drained, without salt",11,1095,"Zinc, Zn",0.2,MG
169976,"Cabbage, cooked, boiled, drained, without salt",11,1098,"Copper, Cu",0.017,MG
169976,"Cabbage, cooked, boiled, drained, without salt",11,1100,"Iodine, I",0.0,UG
169976,"Cabbage, cooked, boiled, drained, without salt",11,1101,"Manganese, Mn",0.205,MG
169976,"Cabbage, cooked, boiled, drained, without salt",11,1103,"Selenium, Se",0.6,UG
169976,"Cabbage, cooked, boiled, drained, without salt",11,1104,"Vitamin A, IU",80.0,IU
169976,"Cabbage, cooked, boiled, drained, without salt",11,1110,"Vitamin D (D2 + D3), International Units",0.0,IU
169976,"Cabbage, cooked, boiled, drained, without salt",11,1109,Vitamin E (alpha-tocopherol),0.14,MG
169976,"Cabbage, cooked, boiled, drained, without salt",11,1165,Thiamin,0.061,MG
169976,"Cabbage, cooked, boiled, drained, without salt",11,1166,Riboflavin,0.038,MG
169976,"Cabbage, cooked, boiled, drained, without salt",11,1167,Niacin,0.248,MG
169976,"Cabbage, cooked, boiled, drained, without salt",11,1170,Pantothenic acid,0.174,MG
169976,"Cabbage, cooked, boiled, drained, without salt",11,1171,"Vitamin B-6, pyridoxine, alcohol form",0.0,MG
169976,"Cabbage, cooked, boiled, drained, without salt",11,1178,Vitamin B-12,0.0,UG
169976,"Cabbage, cooked, boiled, drained, without salt",11,1180,"Choline, total",20.3,MG
169976,"Cabbage, cooked, boiled, drained, without salt",11,1186,Folic acid,0.0,UG
169976,"Cabbage, cooked, boiled, drained, without salt",11,1210,Tryptophan,0.011,G
169976,"Cabbage, cooked, boiled, drained, without salt",11,1211,Threonine,0.035,G
169976,"Cabbage, cooked, boiled, drained, without salt",11,1212,Isoleucine,0.03,G
169976,"Cabbage, cooked, boiled, drained, without salt",11,1213,Leucine,0.041,G
169976,"Cabbage, cooked, boiled, drained, without salt",11,1214,Lysine,0.043,G
169976,"Cabbage, cooked, boiled, drained, without salt",11,1215,Methionine,0.012,G
169976,"Cabbage, cooked, boiled, drained, without salt",11,1217,Phenylalanine,0.032,G
169976,"Cabbage, cooked, boiled, drained, without salt",11,1219,Valine,0.042,G
169976,"Cabbage, cooked, boiled, drained, without salt",11,1220,Arginine,0.074,G
169976,"Cabbage, cooked, boiled, drained, without salt",11,1221,Histidine,0.022,G
169976,"Cabbage, cooked, boiled, drained, without salt",11,1229,Cysteine and methionine(sulfer containig AA),0.0,G
169976,"Cabbage, cooked, boiled, drained, without salt",11,1230,Phenylalanine and tyrosine (aromatic  AA),0.0,G
169976,"Cabbage, cooked, boiled, drained, without salt",11,1272,PUFA 22:6 n-3 (DHA),0.0,G
169976,"Cabbage, cooked, boiled, drained, without salt",11,1278,PUFA 20:5 n-3 (EPA),0.0,G
169976,"Cabbage, cooked, boiled, drained, without salt",11,1316,"PUFA 18:2 n-6 c,c",0.0,G
169976,"Cabbage, cooked, boiled, drained, without salt",11,1404,"PUFA 18:3 n-3 c,c,c (ALA)",0.0,G
169989,"Celery, cooked, boiled, drained, without salt",11,1003,Protein,0.83,G
169989,"Celery, cooked, boiled, drained, without salt",11,1004,Total lipid (fat),0.16,G
169989,"Celery, cooked, boiled, drained, without salt",11,1005,"Carbohydrate, by difference",4.0,G
169989,"Celery, cooked, boiled, drained, without salt",11,1008,Energy,18.0,KCAL
169989,"Celery, cooked, boiled, drained, without salt",11,1087,"Calcium, Ca",42.0,MG
169989,"Celery, cooked, boiled, drained, without salt",11,1088,"Chlorine, Cl",0.0,MG
169989,"Celery, cooked, boiled, drained, without salt",11,1089,"Iron, Fe",0.42,MG
169989,"Celery, cooked, boiled, drained, without salt",11,1090,"Magnesium, Mg",12.0,MG
169989,"Celery, cooked, boiled, drained, without salt",11,1091,"Phosphorus, P",25.0,MG
169989,"Celery, cooked, boiled, drained, without salt",11,1092,"Potassium, K",284.0,MG
169989,"Celery, cooked, boiled, drained, without salt",11,1093,"Sodium, Na",91.0,MG
169989,"Celery, cooked, boiled, drained, without salt",11,1095,"Zinc, Zn",0.14,MG
169989,"Celery, cooked, boiled, drained, without salt",11,1098,"Copper, Cu",0.036,MG
169989,"Celery, cooked, boiled, drained, without salt",11,1100,"Iodine, I",0.0,UG
169989,"Celery, cooked, boiled, drained, without salt",11,1101,"Manganese, Mn",0.106,MG
169989,"Celery, cooked, boiled, drained, without salt",11,1103,"Selenium, Se",1.0,UG
169989,"Celery, cooked, boiled, drained, without salt",11,1104,"Vitamin A, IU",521.0,IU
169989,"Celery, cooked, boiled, drained, without salt",11,1110,"Vitamin D (D2 + D3), International Units",0.0,IU
169989,"Celery, cooked, boiled, drained, without salt",11,1109,Vitamin E (alpha-tocopherol),0.35,MG
169989,"Celery, cooked, boiled, drained, without salt",11,1165,Thiamin,0.023,MG
169989,"Celery, cooked, boiled, drained, without salt",11,1166,Riboflavin,0.07,MG
169989,"Celery, cooked, boiled, drained, without salt",11,1167,Niacin,0.372,MG
169989,"Celery, cooked, boiled, drained, without salt",11,1170,Pantothenic acid,0.317,MG
169989,"Celery, cooked, boiled, drained, without salt",11,1171,"Vitamin B-6, pyridoxine, alcohol form",0.0,MG
169989,"Celery, cooked, boiled, drained, without salt",11,1178,Vitamin B-12,0.0,UG
169989,"Celery, cooked, boiled, drained, without salt",11,1180,"Choline, total",7.9,MG
169989,"Celery, cooked, boiled, drained, without salt",11,1186,Folic acid,0.0,UG
169989,"Celery, cooked, boiled, drained, without salt",11,1210,Tryptophan,0.011,G
169989,"Celery, cooked, boiled, drained, without salt",11,1211,Threonine,0.024,G
169989,"Celery, cooked, boiled, drained, without salt",11,1212,Isoleucine,0.025,G
169989,"Celery, cooked, boiled, drained, without salt",11,1213,Leucine,0.039,G
169989,"Celery, cooked, boiled, drained, without salt",11,1214,Lysine,0.032,G
169989,"Celery, cooked, boiled, drained, without salt",11,1215,Methionine,0.007,G
169989,"Celery, cooked, boiled, drained, without salt",11,1217,Phenylalanine,0.024,G
169989,"Celery, cooked, boiled, drained, without salt",11,1219,Valine,0.033,G
169989,"Celery, cooked, boiled, drained, without salt",11,1220,Arginine,0.024,G
169989,"Celery, cooked, boiled, drained, without salt",11,1221,Histidine,0.014,G
169989,"Celery, cooked, boiled, drained, without salt",11,1229,Cysteine and methionine(sulfer containig AA),0.0,G
169989,"Celery, cooked, boiled, drained, without salt",11,1230,Phenylalanine and tyrosine (aromatic  AA),0.0,G
169989,"Celery, cooked, boiled, drained, without salt",11,1272,PUFA 22:6 n-3 (DHA),0.0,G
169989,"Celery, cooked, boiled, drained, without salt",11,1278,PUFA 20:5 n-3 (EPA),0.0,G
169989,"Celery, cooked, boiled, drained, without salt",11,1316,"PUFA 18:2 n-6 c,c",0.0,G
169989,"Celery, cooked, boiled, drained, without salt",11,1404,"PUFA 18:3 n-3 c,c,c (ALA)",0.0,G
170394,"Carrots, cooked, boiled, drained, without salt",11,1003,Protein,0.76,G
170394,"Carrots, cooked, boiled, drained, without salt",11,1004,Total lipid (fat),0.18,G
170394,"Carrots, cooked, boiled, drained, without salt",11,1005,"Carbohydrate, by difference",8.22,G
170394,"Carrots, cooked, boiled, drained, without salt",11,1008,Energy,35.0,KCAL
170394,"Carrots, cooked, boiled, drained, without salt",11,1087,"Calcium, Ca",30.0,MG
170394,"Carrots, cooked, boiled, drained, without salt",11,1088,"Chlorine, Cl",0.0,MG
170394,"Carrots, cooked, boiled, drained, without salt",11,1089,"Iron, Fe",0.34,MG
170394,"Carrots, cooked, boiled, drained, without salt",11,1090,"Magnesium, Mg",10.0,MG
170394,"Carrots, cooked, boiled, drained, without salt",11,1091,"Phosphorus, P",30.0,MG
170394,"Carrots, cooked, boiled, drained, without salt",11,1092,"Potassium, K",235.0,MG
170394,"Carrots, cooked, boiled, drained, without salt",11,1093,"Sodium, Na",58.0,MG
170394,"Carrots, cooked, boiled, drained, without salt",11,1095,"Zinc, Zn",0.2,MG
170394,"Carrots, cooked, boiled, drained, without salt",11,1098,"Copper, Cu",0.017,MG
170394,"Carrots, cooked, boiled, drained, without salt",11,1100,"Iodine, I",0.0,UG
170394,"Carrots, cooked, boiled, drained, without salt",11,1101,"Manganese, Mn",0.155,MG
170394,"Carrots, cooked, boiled, drained, without salt",11,1103,"Selenium, Se",0.7,UG
170394,"Carrots, cooked, boiled, drained, without salt",11,1104,"Vitamin A, IU",17033.0,IU
170394,"Carrots, cooked, boiled, drained, without salt",11,1110,"Vitamin D (D2 + D3), International Units",0.0,IU
170394,"Carrots, cooked, boiled, drained, without salt",11,1109,Vitamin E (alpha-tocopherol),1.03,MG
170394,"Carrots, cooked, boiled, drained, without salt",11,1165,Thiamin,0.066,MG
170394,"Carrots, cooked, boiled, drained, without salt",11,1166,Riboflavin,0.044,MG
170394,"Carrots, cooked, boiled, drained, without salt",11,1167,Niacin,0.645,MG
170394,"Carrots, cooked, boiled, drained, without salt",11,1170,Pantothenic acid,0.232,MG
170394,"Carrots, cooked, boiled, drained, without salt",11,1171,"Vitamin B-6, pyridoxine, alcohol form",0.0,MG
170394,"Carrots, cooked, boiled, drained, without salt",11,1178,Vitamin B-12,0.0,UG
170394,"Carrots, cooked, boiled, drained, without salt",11,1180,"Choline, total",8.8,MG
170394,"Carrots, cooked, boiled, drained, without salt",11,1186,Folic acid,0.0,UG
170394,"Carrots, cooked, boiled, drained, without salt",11,1210,Tryptophan,0.01,G
170394,"Carrots, cooked, boiled, drained, without salt",11,1211,Threonine,0.157,G
170394,"Carrots, cooked, boiled, drained, without salt",11,1212,Isoleucine,0.063,G
170394,"Carrots, cooked, boiled, drained, without salt",11,1213,Leucine,0.084,G
170394,"Carrots, cooked, boiled, drained, without salt",11,1214,Lysine,0.083,G
170394,"Carrots, cooked, boiled, drained, without salt",11,1215,Methionine,0.017,G
170394,"Carrots, cooked, boiled, drained, without salt",11,1217,Phenylalanine,0.05,G
170394,"Carrots, cooked, boiled, drained, without salt",11,1219,Valine,0.056,G
170394,"Carrots, cooked, boiled, drained, without salt",11,1220,Arginine,0.075,G
170394,"Carrots, cooked, boiled, drained, without salt",11,1221,Histidine,0.033,G
170394,"Carrots, cooked, boiled, drained, without salt",11,1229,Cysteine and methionine(sulfer containig AA),0.0,G
170394,"Carrots, cooked, boiled, drained, without salt",11,1230,Phenylalanine and tyrosine (aromatic  AA),0.0,G
170394,"Carrots, cooked, boiled, drained, without salt",11,1272,PUFA 22:6 n-3 (DHA),0.0,G
170394,"Carrots, cooked, boiled, drained, without salt",11,1278,PUFA 20:5 n-3 (EPA),0.0,G
170394,"Carrots, cooked, boiled, drained, without salt",11,1316,"PUFA 18:2 n-6 c,c",0.0,G
170394,"Carrots, cooked, boiled, drained, without salt",11,1404,"PUFA 18:3 n-3 c,c,c (ALA)",0.0,G
170397,"Cauliflower, cooked, boiled, drained, without salt",11,1003,Protein,1.84,G
170397,"Cauliflower, cooked, boiled, drained, without salt",11,1004,Total lipid (fat),0.45,G
170397,"Cauliflower, cooked, boiled, drained, without salt",11,1005,"Carbohydrate, by difference",4.11,G
170397,"Cauliflower, cooked, boiled, drained, without salt",11,1008,Energy,23.0,KCAL
170397,"Cauliflower, cooked, boiled, drained, without salt",11,1087,"Calcium, Ca",16.0,MG
170397,"Cauliflower, cooked, boiled, drained, without salt",11,1088,"Chlorine, Cl",0.0,MG
170397,"Cauliflower, cooked, boiled, drained, without salt",11,1089,"Iron, Fe",0.32,MG
170397,"Cauliflower, cooked, boiled, drained, without salt",11,1090,"Magnesium, Mg",9.0,MG
170397,"Cauliflower, cooked, boiled, drained, without salt",11,1091,"Phosphorus, P",32.0,MG
170397,"Cauliflower, cooked, boiled, drained, without salt",11,1092,"Potassium, K",142.0,MG
170397,"Cauliflower, cooked, boiled, drained, without salt",11,1093,"Sodium, Na",15.0,MG
170397,"Cauliflower, cooked, boiled, drained, without salt",11,1095,"Zinc, Zn",0.17,MG
170397,"Cauliflower, cooked, boiled, drained, without salt",11,1098,"Copper, Cu",0.018,MG
170397,"Cauliflower, cooked, boiled, drained, without salt",11,1100,"Iodine, I",0.0,UG
170397,"Cauliflower, cooked, boiled, drained, without salt",11,1101,"Manganese, Mn",0.132,MG
170397,"Cauliflower, cooked, boiled, drained, without salt",11,1103,"Selenium, Se",0.6,UG
170397,"Cauliflower, cooked, boiled, drained, without salt",11,1104,"Vitamin A, IU",12.0,IU
170397,"Cauliflower, cooked, boiled, drained, without salt",11,1110,"Vitamin D (D2 + D3), International Units",0.0,IU
170397,"Cauliflower, cooked, boiled, drained, without salt",11,1109,Vitamin E (alpha-tocopherol),0.07,MG
170397,"Cauliflower, cooked, boiled, drained, without salt",11,1165,Thiamin,0.042,MG
170397,"Cauliflower, cooked, boiled, drained, without salt",11,1166,Riboflavin,0.052,MG
170397,"Cauliflower, cooked, boiled, drained, without salt",11,1167,Niacin,0.41,MG
170397,"Cauliflower, cooked, boiled, drained, without salt",11,1170,Pantothenic acid,0.508,MG
170397,"Cauliflower, cooked, boiled, drained, without salt",11,1171,"Vitamin B-6, pyridoxine, alcohol form",0.0,MG
170397,"Cauliflower, cooked, boiled, drained, without salt",11,1178,Vitamin B-12,0.0,UG
170397,"Cauliflower, cooked, boiled, drained, without salt",11,1180,"Choline, total",39.1,MG
170397,"Cauliflower, cooked, boiled, drained, without salt",11,1186,Folic acid,0.0,UG
170397,"Cauliflower, cooked, boiled, drained, without salt",11,1210,Tryptophan,0.024,G
170397,"Cauliflower, cooked, boiled, drained, without salt",11,1211,Threonine,0.067,G
170397,"Cauliflower, cooked, boiled, drained, without salt",11,1212,Isoleucine,0.07,G
170397,"Cauliflower, cooked, boiled, drained, without salt",11,1213,Leucine,0.107,G
170397,"Cauliflower, cooked, boiled, drained, without salt",11,1214,Lysine,0.099,G
170397,"Cauliflower, cooked, boiled, drained, without salt",11,1215,Methionine,0.026,G
170397,"Cauliflower, cooked, boiled, drained, without salt",11,1217,Phenylalanine,0.066,G
170397,"Cauliflower, cooked, boiled, drained, without salt",11,1219,Valine,0.092,G
170397,"Cauliflower, cooked, boiled, drained, without salt",11,1220,Arginine,0.089,G
170397,"Cauliflower, cooked, boiled, drained, without salt",11,1221,Histidine,0.037,G
170397,"Cauliflower, cooked, boiled, drained, without salt",11,1229,Cysteine and methionine(sulfer containig AA),0.0,G
170397,"Cauliflower, cooked, boiled, drained, without salt",11,1230,Phenylalanine and tyrosine (aromatic  AA),0.0,G
170397,"Cauliflower, cooked, boiled, drained, without salt",11,1272,PUFA 22:6 n-3 (DHA),0.0,G
170397,"Cauliflower, cooked, boiled, drained, without salt",11,1278,PUFA 20:5 n-3 (EPA),0.0,G
170397,"Cauliflower, cooked, boiled, drained, without salt",11,1316,"PUFA 18:2 n-6 c,c",0.0,G
170397,"Cauliflower, cooked, boiled, drained, without salt",11,1404,"PUFA 18:3 n-3 c,c,c (ALA)",0.0,G
170407,"Collards, cooked, boiled, drained, without salt",11,1003,Protein,2.71,G
170407,"Collards, cooked, boiled, drained, without salt",11,1004,Total lipid (fat),0.72,G
170407,"Collards, cooked, boiled, drained, without salt",11,1005,"Carbohydrate, by difference",5.65,G
170407,"Collards, cooked, boiled, drained, without salt",11,1008,Energy,33.0,KCAL
170407,"Collards, cooked, boiled, drained, without salt",11,1087,"Calcium, Ca",141.0,MG
170407,"Collards, cooked, boiled, drained, without salt",11,1088,"Chlorine, Cl",0.0,MG
170407,"Collards, cooked, boiled, drained, without salt",11,1089,"Iron, Fe",1.13,MG
170407,"Collards, cooked, boiled, drained, without salt",11,1090,"Magnesium, Mg",21.0,MG
170407,"Collards, cooked, boiled, drained, without salt",11,1091,"Phosphorus, P",32.0,MG
170407,"Collards, cooked, boiled, drained, without salt",11,1092,"Potassium, K",117.0,MG
170407,"Collards, cooked, boiled, drained, without salt",11,1093,"Sodium, Na",15.0,MG
170407,"Collards, cooked, boiled, drained, without salt",11,1095,"Zinc, Zn",0.23,MG
170407,"Collards, cooked, boiled, drained, without salt",11,1098,"Copper, Cu",0.051,MG
170407,"Collards, cooked, boiled, drained, without salt",11,1100,"Iodine, I",0.0,UG
170407,"Collards, cooked, boiled, drained, without salt",11,1101,"Manganese, Mn",0.51,MG
170407,"Collards, cooked, boiled, drained, without salt",11,1103,"Selenium, Se",0.5,UG
170407,"Collards, cooked, boiled, drained, without salt",11,1104,"Vitamin A, IU",7600.0,IU
170407,"Collards, cooked, boiled, drained, without salt",11,1110,"Vitamin D (D2 + D3), International Units",0.0,IU
170407,"Collards, cooked, boiled, drained, without salt",11,1109,Vitamin E (alpha-tocopherol),0.88,MG
170407,"Collards, cooked, boiled, drained, without salt",11,1165,Thiamin,0.04,MG
170407,"Collards, cooked, boiled, drained, without salt",11,1166,Riboflavin,0.106,MG
170407,"Collards, cooked, boiled, drained, without salt",11,1167,Niacin,0.575,MG
170407,"Collards, cooked, boiled, drained, without salt",11,1170,Pantothenic acid,0.218,MG
170407,"Collards, cooked, boiled, drained, without salt",11,1171,"Vitamin B-6, pyridoxine, alcohol form",0.0,MG
170407,"Collards, cooked, boiled, drained, without salt",11,1178,Vitamin B-12,0.0,UG
170407,"Collards, cooked, boiled, drained, without salt",11,1180,"Choline, total",38.4,MG
170407,"Collards, cooked, boiled, drained, without salt",11,1186,Folic acid,0.0,UG
170407,"Collards, cooked, boiled, drained, without salt",11,1210,Tryptophan,0.027,G
170407,"Collards, cooked, boiled, drained, without salt",11,1211,Threonine,0.074,G
170407,"Collards, cooked, boiled, drained, without salt",11,1212,Isoleucine,0.086,G
170407,"Collards, cooked, boiled, drained, without salt",11,1213,Leucine,0.13,G
170407,"Collards, cooked, boiled, drained, without salt",11,1214,Lysine,0.101,G
170407,"Collards, cooked, boiled, drained, without salt",11,1215,Methionine,0.028,G
170407,"Collards, cooked, boiled, drained, without salt",11,1217,Phenylalanine,0.075,G
170407,"Collards, cooked, boiled, drained, without salt",11,1219,Valine,0.104,G
170407,"Collards, cooked, boiled, drained, without salt",11,1220,Arginine,0.108,G
170407,"Collards, cooked, boiled, drained, without salt",11,1221,Histidine,0.04,G
170407,"Collards, cooked, boiled, drained, without salt",11,1229,Cysteine and methionine(sulfer containig AA),0.0,G
170407,"Collards, cooked, boiled, drained, without salt",11,1230,Phenylalanine and tyrosine (aromatic  AA),0.0,G
170407,"Collards, cooked, boiled, drained, without salt",11,1272,PUFA 22:6 n-3 (DHA),0.0,G
170407,"Collards, cooked, boiled, drained, without salt",11,1278,PUFA 20:5 n-3 (EPA),0.0,G
170407,"Collards, cooked, boiled, drained, without salt",11,1316,"PUFA 18:2 n-6 c,c",0.0,G
170407,"Collards, cooked, boiled, drained, without salt",11,1404,"PUFA 18:3 n-3 c,c,c (ALA)",0.0,G
170438,"Potatoes, boiled, cooked in skin, flesh, without salt",11,1003,Protein,1.87,G
170438,"Potatoes, boiled, cooked in skin, flesh, without salt",11,1004,Total lipid (fat),0.1,G
170438,"Potatoes, boiled, cooked in skin, flesh, without salt",11,1005,"Carbohydrate, by difference",20.13,G
170438,"Potatoes, boiled, cooked in skin, flesh, without salt",11,1008,Energy,87.0,KCAL
170438,"Potatoes, boiled, cooked in skin, flesh, without salt",11,1087,"Calcium, Ca",5.0,MG
170438,"Potatoes, boiled, cooked in skin, flesh, without salt",11,1088,"Chlorine, Cl",0.0,MG
170438,"Potatoes, boiled, cooked in skin, flesh, without salt",11,1089,"Iron, Fe",0.31,MG
170438,"Potatoes, boiled, cooked in skin, flesh, without salt",11,1090,"Magnesium, Mg",22.0,MG
170438,"Potatoes, boiled, cooked in skin, flesh, without salt",11,1091,"Phosphorus, P",44.0,MG
170438,"Potatoes, boiled, cooked in skin, flesh, without salt",11,1092,"Potassium, K",379.0,MG
170438,"Potatoes, boiled, cooked in skin, flesh, without salt",11,1093,"Sodium, Na",4.0,MG
170438,"Potatoes, boiled, cooked in skin, flesh, without salt",11,1095,"Zinc, Zn",0.3,MG
170438,"Potatoes, boiled, cooked in skin, flesh, without salt",11,1098,"Copper, Cu",0.188,MG
170438,"Potatoes, boiled, cooked in skin, flesh, without salt",11,1100,"Iodine, I",0.0,UG
170438,"Potatoes, boiled, cooked in skin, flesh, without salt",11,1101,"Manganese, Mn",0.138,MG
170438,"Potatoes, boiled, cooked in skin, flesh, without salt",11,1103,"Selenium, Se",0.3,UG
170438,"Potatoes, boiled, cooked in skin, flesh, without salt",11,1104,"Vitamin A, IU",3.0,IU
170438,"Potatoes, boiled, cooked in skin, flesh, without salt",11,1110,"Vitamin D (D2 + D3), International Units",0.0,IU
170438,"Potatoes, boiled, cooked in skin, flesh, without salt",11,1109,Vitamin E (alpha-tocopherol),0.01,MG
170438,"Potatoes, boiled, cooked in skin, flesh, without salt",11,1165,Thiamin,0.106,MG
170438,"Potatoes, boiled, cooked in skin, flesh, without salt",11,1166,Riboflavin,0.02,MG
170438,"Potatoes, boiled, cooked in skin, flesh, without salt",11,1167,Niacin,1.439,MG
170438,"Potatoes, boiled, cooked in skin, flesh, without salt",11,1170,Pantothenic acid,0.52,MG
170438,"Potatoes, boiled, cooked in skin, flesh, without salt",11,1171,"Vitamin B-6, pyridoxine, alcohol form",0.0,MG
170438,"Potatoes, boiled, cooked in skin, flesh, without salt",11,1178,Vitamin B-12,0.0,UG
170438,"Potatoes, boiled, cooked in skin, flesh, without salt",11,1180,"Choline, total",13.5,MG
170438,"Potatoes, boiled, cooked in skin, flesh, without salt",11,1186,Folic acid,0.0,UG
170438,"Potatoes, boiled, cooked in skin, flesh, without salt",11,1210,Tryptophan,0.029,G
170438,"Potatoes, boiled, cooked in skin, flesh, without salt",11,1211,Threonine,0.068,G
170438,"Potatoes, boiled, cooked in skin, flesh, without salt",11,1212,Isoleucine,0.076,G
170438,"Potatoes, boiled, cooked in skin, flesh, without salt",11,1213,Leucine,0.112,G
170438,"Potatoes, boiled, cooked in skin, flesh, without salt",11,1214,Lysine,0.114,G
170438,"Potatoes, boiled, cooked in skin, flesh, without salt",11,1215,Methionine,0.03,G
170438,"Potatoes, boiled, cooked in skin, flesh, without salt",11,1217,Phenylalanine,0.083,G
170438,"Potatoes, boiled, cooked in skin, flesh, without salt",11,1219,Valine,0.105,G
170438,"Potatoes, boiled, cooked in skin, flesh, without salt",11,1220,Arginine,0.086,G
170438,"Potatoes, boiled, cooked in skin, flesh, without salt",11,1221,Histidine,0.041,G
170438,"Potatoes, boiled, cooked in skin, flesh, without salt",11,1229,Cysteine and methionine(sulfer containig AA),0.0,G
170438,"Potatoes, boiled, cooked in skin, flesh, without salt",11,1230,Phenylalanine and tyrosine (aromatic  AA),0.0,G
170438,"Potatoes, boiled, cooked in skin, flesh, without salt",11,1272,PUFA 22:6 n-3 (DHA),0.0,G
170438,"Potatoes, boiled, cooked in skin, flesh, without salt",11,1278,PUFA 20:5 n-3 (EPA),0.0,G
170438,"Potatoes, boiled, cooked in skin, flesh, without salt",11,1316,"PUFA 18:2 n-6 c,c",0.0,G
170438,"Potatoes, boiled, cooked in skin, flesh, without salt",11,1404,"PUFA 18:3 n-3 c,c,c (ALA)",0.0,G
170440,"Potatoes, boiled, cooked without skin, flesh, without salt",11,1003,Protein,1.71,G
170440,"Potatoes, boiled, cooked without skin, flesh, without salt",11,1004,Total lipid (fat),0.1,G
170440,"Potatoes, boiled, cooked without skin, flesh, without salt",11,1005,"Carbohydrate, by difference",20.01,G
170440,"Potatoes, boiled, cooked without skin, flesh, without salt",11,1008,Energy,86.0,KCAL
170440,"Potatoes, boiled, cooked without skin, flesh, without salt",11,1087,"Calcium, Ca",8.0,MG
170440,"Potatoes, boiled, cooked without skin, flesh, without salt",11,1088,"Chlorine, Cl",0.0,MG
170440,"Potatoes, boiled, cooked without skin, flesh, without salt",11,1089,"Iron, Fe",0.31,MG
170440,"Potatoes, boiled, cooked without skin, flesh, without salt",11,1090,"Magnesium, Mg",20.0,MG
170440,"Potatoes, boiled, cooked without skin, flesh, without salt",11,1091,"Phosphorus, P",40.0,MG
170440,"Potatoes, boiled, cooked without skin, flesh, without salt",11,1092,"Potassium, K",328.0,MG
170440,"Potatoes, boiled, cooked without skin, flesh, without salt",11,1093,"Sodium, Na",5.0,MG
170440,"Potatoes, boiled, cooked without skin, flesh, without salt",11,1095,"Zinc, Zn",0.27,MG
170440,"Potatoes, boiled, cooked without skin, flesh, without salt",11,1098,"Copper, Cu",0.167,MG
170440,"Potatoes, boiled, cooked without skin, flesh, without salt",11,1100,"Iodine, I",0.0,UG
170440,"Potatoes, boiled, cooked without skin, flesh, without salt",11,1101,"Manganese, Mn",0.14,MG
170440,"Potatoes, boiled, cooked without skin, flesh, without salt",11,1103,"Selenium, Se",0.3,UG
170440,"Potatoes, boiled, cooked without skin, flesh, without salt",11,1104,"Vitamin A, IU",2.0,IU
170440,"Potatoes, boiled, cooked without skin, flesh, without salt",11,1110,"Vitamin D (D2 + D3), International Units",0.0,IU
170440,"Potatoes, boiled, cooked without skin, flesh, without salt",11,1109,Vitamin E (alpha-tocopherol),0.01,MG
170440,"Potatoes, boiled, cooked without skin, flesh, without salt",11,1165,Thiamin,0.098,MG
170440,"Potatoes, boiled, cooked without skin, flesh, without salt",11,1166,Riboflavin,0.019,MG
170440,"Potatoes, boiled, cooked without skin, flesh, without salt",11,1167,Niacin,1.312,MG
170440,"Potatoes, boiled, cooked without skin, flesh, without salt",11,1170,Pantothenic acid,0.509,MG
170440,"Potatoes, boiled, cooked without skin, flesh, without salt",11,1171,"Vitamin B-6, pyridoxine, alcohol form",0.0,MG
170440,"Potatoes, boiled, cooked without skin, flesh, without salt",11,1178,Vitamin B-12,0.0,UG
170440,"Potatoes, boiled, cooked without skin, flesh, without salt",11,1180,"Choline, total",13.2,MG
170440,"Potatoes, boiled, cooked without skin, flesh, without salt",11,1186,Folic acid,0.0,UG
170440,"Potatoes, boiled, cooked without skin, flesh, without salt",11,1210,Tryptophan,0.027,G
170440,"Potatoes, boiled, cooked without skin, flesh, without salt",11,1211,Threonine,0.062,G
170440,"Potatoes, boiled, cooked without skin, flesh, without salt",11,1212,Isoleucine,0.07,G
170440,"Potatoes, boiled, cooked without skin, flesh, without salt",11,1213,Leucine,0.103,G
170440,"Potatoes, boiled, cooked without skin, flesh, without salt",11,1214,Lysine,0.104,G
170440,"Potatoes, boiled, cooked without skin, flesh, without salt",11,1215,Methionine,0.027,G
170440,"Potatoes, boiled, cooked without skin, flesh, without salt",11,1217,Phenylalanine,0.076,G
170440,"Potatoes, boiled, cooked without skin, flesh, without salt",11,1219,Valine,0.096,G
170440,"Potatoes, boiled, cooked without skin, flesh, without salt",11,1220,Arginine,0.079,G
170440,"Potatoes, boiled, cooked without skin, flesh, without salt",11,1221,Histidine,0.038,G
170440,"Potatoes, boiled, cooked without skin, flesh, without salt",11,1229,Cysteine and methionine(sulfer containig AA),0.0,G
170440,"Potatoes, boiled, cooked without skin, flesh, without salt",11,1230,Phenylalanine and tyrosine (aromatic  AA),0.0,G
170440,"Potatoes, boiled, cooked without skin, flesh, without salt",11,1272,PUFA 22:6 n-3 (DHA),0.0,G
170440,"Potatoes, boiled, cooked without skin, flesh, without salt",11,1278,PUFA 20:5 n-3 (EPA),0.0,G
170440,"Potatoes, boiled, cooked without skin, flesh, without salt",11,1316,"PUFA 18:2 n-6 c,c",0.0,G
170440,"Potatoes, boiled, cooked without skin, flesh, without salt",11,1404,"PUFA 18:3 n-3 c,c,c (ALA)",0.0,G
170475,"Waxgourd, (chinese preserving melon), cooked, boiled, drained, without salt",11,1003,Protein,0.4,G
170475,"Waxgourd, (chinese preserving melon), cooked, boiled, drained, without salt",11,1004,Total lipid (fat),0.2,G
170475,"Waxgourd, (chinese preserving melon), cooked, boiled, drained, without salt",11,1005,"Carbohydrate, by difference",3.04,G
170475,"Waxgourd, (chinese preserving melon), cooked, boiled, drained, without salt",11,1008,Energy,14.0,KCAL
170475,"Waxgourd, (chinese preserving melon), cooked, boiled, drained, without salt",11,1087,"Calcium, Ca",18.0,MG
170475,"Waxgourd, (chinese preserving melon), cooked, boiled, drained, without salt",11,1088,"Chlorine, Cl",0.0,MG
170475,"Waxgourd, (chinese preserving melon), cooked, boiled, drained, without salt",11,1089,"Iron, Fe",0.38,MG
170475,"Waxgourd, (chinese preserving melon), cooked, boiled, drained, without salt",11,1090,"Magnesium, Mg",10.0,MG
170475,"Waxgourd, (chinese preserving melon), cooked, boiled, drained, without salt",11,1091,"Phosphorus, P",17.0,MG
170475,"Waxgourd, (chinese preserving melon), cooked, boiled, drained, without salt",11,1092,"Potassium, K",5.0,MG
170475,"Waxgourd, (chinese preserving melon), cooked, boiled, drained, without salt",11,1093,"Sodium, Na",107.0,MG
170475,"Waxgourd, (chinese preserving melon), cooked, boiled, drained, without salt",11,1095,"Zinc, Zn",0.59,MG
170475,"Waxgourd, (chinese preserving melon), cooked, boiled, drained, without salt",11,1098,"Copper, Cu",0.022,MG
170475,"Waxgourd, (chinese preserving melon), cooked, boiled, drained, without salt",11,1100,"Iodine, I",0.0,UG
170475,"Waxgourd, (chinese preserving melon), cooked, boiled, drained, without salt",11,1101,"Manganese, Mn",0.056,MG
170475,"Waxgourd, (chinese preserving melon), cooked, boiled, drained, without salt",11,1103,"Selenium, Se",0.2,UG
170475,"Waxgourd, (chinese preserving melon), cooked, boiled, drained, without salt",11,1104,"Vitamin A, IU",0.0,IU
170475,"Waxgourd, (chinese preserving melon), cooked, boiled, drained, without salt",11,1110,"Vitamin D (D2 + D3), International Units",0.0,IU
170475,"Waxgourd, (chinese preserving melon), cooked, boiled, drained, without salt",11,1109,Vitamin E (alpha-tocopherol),0.08,MG
170475,"Waxgourd, (chinese preserving melon), cooked, boiled, drained, without salt",11,1165,Thiamin,0.034,MG
170475,"Waxgourd, (chinese preserving melon), cooked, boiled, drained, without salt",11,1166,Riboflavin,0.001,MG
170475,"Waxgourd, (chinese preserving melon), cooked, boiled, drained, without salt",11,1167,Niacin,0.384,MG
170475,"Waxgourd, (chinese preserving melon), cooked, boiled, drained, without salt",11,1170,Pantothenic acid,0.121,MG
170475,"Waxgourd, (chinese preserving melon), cooked, boiled, drained, without salt",11,1171,"Vitamin B-6, pyridoxine, alcohol form",0.0,MG
170475,"Waxgourd, (chinese preserving melon), cooked, boiled, drained, without salt",11,1178,Vitamin B-12,0.0,UG
170475,"Waxgourd, (chinese preserving melon), cooked, boiled, drained, without salt",11,1180,"Choline, total",4.9,MG
170475,"Waxgourd, (chinese preserving melon), cooked, boiled, drained, without salt",11,1186,Folic acid,0.0,UG
170475,"Waxgourd, (chinese preserving melon), cooked, boiled, drained, without salt",11,1210,Tryptophan,0.002,G
170475,"Waxgourd, (chinese preserving melon), cooked, boiled, drained, without salt",11,1211,Threonine,0.0,G
170475,"Waxgourd, (chinese preserving melon), cooked, boiled, drained, without salt",11,1212,Isoleucine,0.0,G
170475,"Waxgourd, (chinese preserving melon), cooked, boiled, drained, without salt",11,1213,Leucine,0.0,G
170475,"Waxgourd, (chinese preserving melon), cooked, boiled, drained, without salt",11,1214,Lysine,0.009,G
170475,"Waxgourd, (chinese preserving melon), cooked, boiled, drained, without salt",11,1215,Methionine,0.003,G
170475,"Waxgourd, (chinese preserving melon), cooked, boiled, drained, without salt",11,1217,Phenylalanine,0.0,G
170475,"Waxgourd, (chinese preserving melon), cooked, boiled, drained, without salt",11,1219,Valine,0.0,G
170475,"Waxgourd, (chinese preserving melon), cooked, boiled, drained, without salt",11,1220,Arginine,0.0,G
170475,"Waxgourd, (chinese preserving melon), cooked, boiled, drained, without salt",11,1221,Histidine,0.0,G
170475,"Waxgourd, (chinese preserving melon), cooked, boiled, drained, without salt",11,1229,Cysteine and methionine(sulfer containig AA),0.0,G
170475,"Waxgourd, (chinese preserving melon), cooked, boiled, drained, without salt",11,1230,Phenylalanine and tyrosine (aromatic  AA),0.0,G
170475,"Waxgourd, (chinese preserving melon), cooked, boiled, drained, without salt",11,1272,PUFA 22:6 n-3 (DHA),0.0,G
170475,"Waxgourd, (chinese preserving melon), cooked, boiled, drained, without salt",11,1278,PUFA 20:5 n-3 (EPA),0.0,G
170475,"Waxgourd, (chinese preserving melon), cooked, boiled, drained, without salt",11,1316,"PUFA 18:2 n-6 c,c",0.0,G
170475,"Waxgourd, (chinese preserving melon), cooked, boiled, drained, without salt",11,1404,"PUFA 18:3 n-3 c,c,c (ALA)",0.0,G
